Workbook

Sheet Project Dashboard
A1: Software Delivery Portfolio Dashboard - No Script
A3: Project ID | B3: All | D3: Status | E3: All | G3: Priority | H3: All | J3: Risk | K3: All | M3: PM | N3: All
A5: Total Projects | C5: Active | E5: Completed | G5: Delayed | I5: Overall Completion | K5: High Risk | M5: Open Issues
A6: =SUMPRODUCT(('Data - Project Master'!$A$2:$A$350<>"")*IF($B$3="All",1,--('Data - Project Master'!$A$2:$A$350=$B$3))*IF($E$3="All",1,--('Data - Project Master'!$I$2:$I$350=$E$3))*IF($H$3="All",1,--('Data - Project Master'!$J$2:$J$350=$H$3))*IF($K$3="All",1,--('Data - Project Master'!$M$2:$M$350=$K$3))*IF($N$3="All",1,--('Data - Project Master'!$D$2:$D$350=$N$3))) | C6: =SUMPRODUCT(('Data - Project Master'!$A$2:$A$350<>"")*IF($B$3="All",1,--('Data - Project Master'!$A$2:$A$350=$B$3))*IF($E$3="All",1,--('Data - Project Master'!$I$2:$I$350=$E$3))*IF($H$3="All",1,--('Data - Project Master'!$J$2:$J$350=$H$3))*IF($K$3="All",1,--('Data - Project Master'!$M$2:$M$350=$K$3))*IF($N$3="All",1,--('Data - Project Master'!$D$2:$D$350=$N$3))*--('Data - Project Master'!$I$2:$I$350="Active")) | E6: =SUMPRODUCT(('Data - Project Master'!$A$2:$A$350<>"")*IF($B$3="All",1,--('Data - Project Master'!$A$2:$A$350=$B$3))*IF($E$3="All",1,--('Data - Project Master'!$I$2:$I$350=$E$3))*IF($H$3="All",1,--('Data - Project Master'!$J$2:$J$350=$H$3))*IF($K$3="All",1,--('Data - Project Master'!$M$2:$M$350=$K$3))*IF($N$3="All",1,--('Data - Project Master'!$D$2:$D$350=$N$3))*--('Data - Project Master'!$I$2:$I$350="Completed")) | G6: =SUMPRODUCT(('Data - Project Master'!$A$2:$A$350<>"")*IF($B$3="All",1,--('Data - Project Master'!$A$2:$A$350=$B$3))*IF($E$3="All",1,--('Data - Project Master'!$I$2:$I$350=$E$3))*IF($H$3="All",1,--('Data - Project Master'!$J$2:$J$350=$H$3))*IF($K$3="All",1,--('Data - Project Master'!$M$2:$M$350=$K$3))*IF($N$3="All",1,--('Data - Project Master'!$D$2:$D$350=$N$3))*--('Data - Project Master'!$I$2:$I$350="Delayed")) | I6: =IFERROR(AVERAGE(FILTER('Data - Project Master'!$K$2:$K$350,('Data - Project Master'!$A$2:$A$350<>"")*IF($B$3="All",1,--('Data - Project Master'!$A$2:$A$350=$B$3))*IF($E$3="All",1,--('Data - Project Master'!$I$2:$I$350=$E$3))*IF($H$3="All",1,--('Data - Project Master'!$J$2:$J$350=$H$3))*IF($K$3="All",1,--('Data - Project Master'!$M$2:$M$350=$K$3))*IF($N$3="All",1,--('Data - Project Master'!$D$2:$D$350=$N$3)))),0) | K6: =SUMPRODUCT(('Data - Project Master'!$A$2:$A$350<>"")*IF($B$3="All",1,--('Data - Project Master'!$A$2:$A$350=$B$3))*IF($E$3="All",1,--('Data - Project Master'!$I$2:$I$350=$E$3))*IF($H$3="All",1,--('Data - Project Master'!$J$2:$J$350=$H$3))*IF($K$3="All",1,--('Data - Project Master'!$M$2:$M$350=$K$3))*IF($N$3="All",1,--('Data - Project Master'!$D$2:$D$350=$N$3))*--((('Data - Project Master'!$M$2:$M$350="High")+('Data - Project Master'!$M$2:$M$350="Critical"))>0)) | M6: =COUNTIFS('Data - Issue Tracker'!H:H,"<>Closed",'Data - Issue Tracker'!A:A,"<>")
A9: Pending Tasks | C9: Blocked Tasks | E9: Critical Risks | G9: CR Pending | I9: Failed Tests | K9: Avg Workload | M9: Next 30D Milestones
A10: =COUNTIFS('Data - Task Tracker'!I:I,"<>Completed",'Data - Task Tracker'!A:A,"<>") | C10: =COUNTIF('Data - Task Tracker'!I:I,"Blocked") | E10: =COUNTIF('Data - Risk Register'!G:G,"Critical") | G10: =COUNTIF('Data - Change Request Tracker'!H:H,"Pending") | I10: =COUNTIF('Data - UAT Testing Tracker'!G:G,"Fail") | K10: =IFERROR(AVERAGE('Data - Resource Tracker'!H:H),0) | M10: =COUNTIFS('Data - Milestone Tracker'!D:D,">="&TODAY(),'Data - Milestone Tracker'!D:D,"<="&TODAY()+30,'Data - Milestone Tracker'!F:F,"<>Completed")
A13: Status | B13: Count | D13: Risk | E13: Count
A14: Not Started | B14: =COUNTIF('Data - Project Master'!I:I,A14) | D14: Low | E14: =COUNTIF('Data - Project Master'!M:M,D14)
A15: Active | B15: =COUNTIF('Data - Project Master'!I:I,A15) | D15: Medium | E15: =COUNTIF('Data - Project Master'!M:M,D15)
A16: On Hold | B16: =COUNTIF('Data - Project Master'!I:I,A16) | D16: High | E16: =COUNTIF('Data - Project Master'!M:M,D16)
A17: Completed | B17: =COUNTIF('Data - Project Master'!I:I,A17) | D17: Critical | E17: =COUNTIF('Data - Project Master'!M:M,D17)
A18: Delayed | B18: =COUNTIF('Data - Project Master'!I:I,A18)
A19: Cancelled | B19: =COUNTIF('Data - Project Master'!I:I,A19)

Sheet Gantt Chart
A1: Gantt Chart - No Script Filtered View
B2: Project ID | C2: All | D2: Status | E2: All | F2: Assigned To | G2: All | H2: Priority | I2: All
A4: Task ID | B4: Project ID | C4: Module Name | D4: Task Description | E4: Assigned To | F4: Start Date | G4: Due Date | H4: Actual Completion Date | I4: Status | J4: Priority | K4: =TODAY()-WEEKDAY(TODAY(),2)-28 | L4: =K4+7 | M4: =L4+7 | N4: =M4+7 | O4: =N4+7 | P4: =O4+7 | Q4: =P4+7 | R4: =Q4+7 | S4: =R4+7 | ... BJ4: =BI4+7
A5: =IFERROR(FILTER('Data - Task Tracker'!A2:J600,('Data - Task Tracker'!A2:A600<>"")*(IF(C2="All",TRUE,'Data - Task Tracker'!$B$2:$B$600=C2))*(IF(E2="All",TRUE,'Data - Task Tracker'!$I$2:$I$600=E2))*(IF(G2="All",TRUE,'Data - Task Tracker'!$E$2:$E$600=G2))*(IF(I2="All",TRUE,'Data - Task Tracker'!$J$2:$J$600=I2))),"No matching tasks")

Sheet Project Master
A1: Project Master - Filtered View
A2: High-Level Filters | B2: Project ID | C2: All | D2: Status | E2: All | F2: Priority | G2: All | H2: Risk | I2: All | J2: PM | K2: All
A3: This sheet is controlled by the dropdowns above. Edit source data in the matching Data sheet.
A4: Project ID | B4: Project Name | C4: Client / Bank Name | D4: Project Manager | E4: Start Date | F4: Planned End Date | G4: Revised End Date | H4: Actual End Date | I4: Project Status | J4: Priority | K4: Completion % | L4: Current Phase | M4: Risk Level | N4: Remarks
A5: =IFERROR(FILTER('Data - Project Master'!A2:N350,('Data - Project Master'!$A$2:$A$350<>"")*(IF(C2="All",TRUE,'Data - Project Master'!$A$2:$A$350=C2))*(IF(E2="All",TRUE,'Data - Project Master'!$I$2:$I$350=E2))*(IF(G2="All",TRUE,'Data - Project Master'!$J$2:$J$350=G2))*(IF(I2="All",TRUE,'Data - Project Master'!$M$2:$M$350=I2))*(IF(K2="All",TRUE,'Data - Project Master'!$D$2:$D$350=K2))),"No matching records")

Sheet Task Tracker
A1: Task Tracker - Filtered View
A2: High-Level Filters | B2: Project ID | C2: All | D2: Status | E2: All | F2: Priority | G2: All | H2: Assigned To | I2: All | J2: Module | K2: All
A3: This sheet is controlled by the dropdowns above. Edit source data in the matching Data sheet.
A4: Task ID | B4: Project ID | C4: Module Name | D4: Task Description | E4: Assigned To | F4: Start Date | G4: Due Date | H4: Actual Completion Date | I4: Status | J4: Priority | K4: Dependency | L4: Completion % | M4: Delay Days | N4: Remarks
A5: =IFERROR(FILTER('Data - Task Tracker'!A2:N600,('Data - Task Tracker'!$A$2:$A$600<>"")*(IF(C2="All",TRUE,'Data - Task Tracker'!$B$2:$B$600=C2))*(IF(E2="All",TRUE,'Data - Task Tracker'!$I$2:$I$600=E2))*(IF(G2="All",TRUE,'Data - Task Tracker'!$J$2:$J$600=G2))*(IF(I2="All",TRUE,'Data - Task Tracker'!$E$2:$E$600=I2))*(IF(K2="All",TRUE,'Data - Task Tracker'!$C$2:$C$600=K2))),"No matching records")

Sheet Milestone Tracker
A1: Milestone Tracker - Filtered View
A2: High-Level Filters | B2: Project ID | C2: All | D2: Status | E2: All | F2: Owner | G2: All
A3: This sheet is controlled by the dropdowns above. Edit source data in the matching Data sheet.
A4: Milestone ID | B4: Project ID | C4: Milestone Name | D4: Planned Date | E4: Actual Date | F4: Status | G4: Delay Days | H4: Owner | I4: Remarks
A5: =IFERROR(FILTER('Data - Milestone Tracker'!A2:I350,('Data - Milestone Tracker'!$A$2:$A$350<>"")*(IF(C2="All",TRUE,'Data - Milestone Tracker'!$B$2:$B$350=C2))*(IF(E2="All",TRUE,'Data - Milestone Tracker'!$F$2:$F$350=E2))*(IF(G2="All",TRUE,'Data - Milestone Tracker'!$H$2:$H$350=G2))),"No matching records")

Sheet Issue Tracker
A1: Issue Tracker - Filtered View
A2: High-Level Filters | B2: Project ID | C2: All | D2: Severity | E2: All | F2: Status | G2: All | H2: Assigned To | I2: All
A3: This sheet is controlled by the dropdowns above. Edit source data in the matching Data sheet.
A4: Issue ID | B4: Project ID | C4: Issue Description | D4: Raised By | E4: Raised Date | F4: Assigned To | G4: Severity | H4: Status | I4: Target Resolution Date | J4: Actual Resolution Date | K4: Delay Days | L4: Remarks
A5: =IFERROR(FILTER('Data - Issue Tracker'!A2:L400,('Data - Issue Tracker'!$A$2:$A$400<>"")*(IF(C2="All",TRUE,'Data - Issue Tracker'!$B$2:$B$400=C2))*(IF(E2="All",TRUE,'Data - Issue Tracker'!$G$2:$G$400=E2))*(IF(G2="All",TRUE,'Data - Issue Tracker'!$H$2:$H$400=G2))*(IF(I2="All",TRUE,'Data - Issue Tracker'!$F$2:$F$400=I2))),"No matching records")

Sheet Risk Register
A1: Risk Register - Filtered View
A2: High-Level Filters | B2: Project ID | C2: All | D2: Risk | E2: All | F2: Owner | G2: All | H2: Status | I2: All
A3: This sheet is controlled by the dropdowns above. Edit source data in the matching Data sheet.
A4: Risk ID | B4: Project ID | C4: Risk Description | D4: Impact | E4: Probability | F4: Risk Score | G4: Risk Level | H4: Mitigation Plan | I4: Owner | J4: Status | K4: Remarks
A5: =IFERROR(FILTER('Data - Risk Register'!A2:K350,('Data - Risk Register'!$A$2:$A$350<>"")*(IF(C2="All",TRUE,'Data - Risk Register'!$B$2:$B$350=C2))*(IF(E2="All",TRUE,'Data - Risk Register'!$G$2:$G$350=E2))*(IF(G2="All",TRUE,'Data - Risk Register'!$I$2:$I$350=G2))*(IF(I2="All",TRUE,'Data - Risk Register'!$J$2:$J$350=I2))),"No matching records")

Sheet Resource Tracker
A1: Resource Tracker - Filtered View
A2: High-Level Filters | B2: Project ID | C2: All | D2: Resource | E2: All | F2: Module | G2: All
A3: This sheet is controlled by the dropdowns above. Edit source data in the matching Data sheet.
A4: Resource Name | B4: Role | C4: Project ID | D4: Module | E4: Allocation % | F4: Start Date | G4: End Date | H4: Current Workload | I4: Remarks
A5: =IFERROR(FILTER('Data - Resource Tracker'!A2:I350,('Data - Resource Tracker'!$A$2:$A$350<>"")*(IF(C2="All",TRUE,'Data - Resource Tracker'!$C$2:$C$350=C2))*(IF(E2="All",TRUE,'Data - Resource Tracker'!$A$2:$A$350=E2))*(IF(G2="All",TRUE,'Data - Resource Tracker'!$D$2:$D$350=G2))),"No matching records")

Sheet Change Request Tracker
A1: Change Request Tracker - Filtered View
A2: High-Level Filters | B2: Project ID | C2: All | D2: Approval | E2: All | F2: Status | G2: All
A3: This sheet is controlled by the dropdowns above. Edit source data in the matching Data sheet.
A4: CR ID | B4: Project ID | C4: Change Description | D4: Requested By | E4: Requested Date | F4: Impact Analysis | G4: Effort Estimate | H4: Approval Status | I4: Target Date | J4: Status | K4: Remarks
A5: =IFERROR(FILTER('Data - Change Request Tracker'!A2:K350,('Data - Change Request Tracker'!$A$2:$A$350<>"")*(IF(C2="All",TRUE,'Data - Change Request Tracker'!$B$2:$B$350=C2))*(IF(E2="All",TRUE,'Data - Change Request Tracker'!$H$2:$H$350=E2))*(IF(G2="All",TRUE,'Data - Change Request Tracker'!$J$2:$J$350=G2))),"No matching records")

Sheet UAT Testing Tracker
A1: UAT Testing Tracker - Filtered View
A2: High-Level Filters | B2: Project ID | C2: All | D2: Module | E2: All | F2: Result | G2: All | H2: Tester | I2: All
A3: This sheet is controlled by the dropdowns above. Edit source data in the matching Data sheet.
A4: Test Case ID | B4: Project ID | C4: Module | D4: Test Scenario | E4: Tester | F4: Test Date | G4: Result | H4: Defect ID | I4: Retest Status | J4: Remarks
A5: =IFERROR(FILTER('Data - UAT Testing Tracker'!A2:J350,('Data - UAT Testing Tracker'!$A$2:$A$350<>"")*(IF(C2="All",TRUE,'Data - UAT Testing Tracker'!$B$2:$B$350=C2))*(IF(E2="All",TRUE,'Data - UAT Testing Tracker'!$C$2:$C$350=E2))*(IF(G2="All",TRUE,'Data - UAT Testing Tracker'!$G$2:$G$350=G2))*(IF(I2="All",TRUE,'Data - UAT Testing Tracker'!$E$2:$E$350=I2))),"No matching records")

Sheet Deployment Tracker
A1: Deployment Tracker - Filtered View
A2: High-Level Filters | B2: Project ID | C2: All | D2: Environment | E2: All | F2: Status | G2: All
A3: This sheet is controlled by the dropdowns above. Edit source data in the matching Data sheet.
A4: Deployment ID | B4: Project ID | C4: Environment | D4: Deployment Date | E4: Version | F4: Deployed By | G4: Deployment Status | H4: Rollback Required | I4: Remarks
A5: =IFERROR(FILTER('Data - Deployment Tracker'!A2:I250,('Data - Deployment Tracker'!$A$2:$A$250<>"")*(IF(C2="All",TRUE,'Data - Deployment Tracker'!$B$2:$B$250=C2))*(IF(E2="All",TRUE,'Data - Deployment Tracker'!$C$2:$C$250=E2))*(IF(G2="All",TRUE,'Data - Deployment Tracker'!$G$2:$G$250=G2))),"No matching records")

Sheet Data - Project Master
A1: Project ID | B1: Project Name | C1: Client / Bank Name | D1: Project Manager | E1: Start Date | F1: Planned End Date | G1: Revised End Date | H1: Actual End Date | I1: Project Status | J1: Priority | K1: Completion % | L1: Current Phase | M1: Risk Level | N1: Remarks
A2: PRJ-001 | B2: Mobile Banking Revamp | C2: Apex Bank | D2: Ananya Rao | E2: 46028 | F2: 46201 | G2: 46215 | I2: Active | J2: High | K2: =IF(A2="","",IFERROR(AVERAGEIF('Data - Task Tracker'!B:B,A2,'Data - Task Tracker'!L:L),0)) | L2: UAT | M2: High | N2: UAT defects under triage
A3: PRJ-002 | B3: Loan Origination Workflow | C3: Crescent Finance | D3: Rohit Menon | E3: 46056 | F3: 46249 | I3: Active | J3: Critical | K3: =IF(A3="","",IFERROR(AVERAGEIF('Data - Task Tracker'!B:B,A3,'Data - Task Tracker'!L:L),0)) | L3: Development | M3: Critical | N3: CBS dependency
A4: PRJ-003 | B4: Regulatory Reporting Portal | C4: Northstar Bank | D4: Meera Iyer | E4: 45971 | F4: 46142 | G4: 46150 | H4: 46148 | I4: Completed | J4: High | K4: =IF(A4="","",IFERROR(AVERAGEIF('Data - Task Tracker'!B:B,A4,'Data - Task Tracker'!L:L),0)) | L4: Closed | M4: Medium | N4: Delivered
A5: PRJ-004 | B5: Customer Onboarding App | C5: Horizon Credit Union | D5: Vikram Shah | E5: 46098 | F5: 46234 | G5: 46255 | I5: Delayed | J5: High | K5: =IF(A5="","",IFERROR(AVERAGEIF('Data - Task Tracker'!B:B,A5,'Data - Task Tracker'!L:L),0)) | L5: Testing | M5: High | N5: Performance issue
A6: PRJ-005 | B6: Treasury Dashboard | C6: Meridian Bank | D6: Fatima Khan | E6: 46113 | F6: 46285 | I6: Active | J6: Medium | K6: =IF(A6="","",IFERROR(AVERAGEIF('Data - Task Tracker'!B:B,A6,'Data - Task Tracker'!L:L),0)) | L6: Design | M6: Medium | N6: Signoff pending
A7: PRJ-006 | B7: Branch Service Desk Upgrade | C7: Union Trust | D7: Karan Desai | E7: 45992 | F7: 46096 | H7: 46095 | I7: Completed | J7: Medium | K7: =IF(A7="","",IFERROR(AVERAGEIF('Data - Task Tracker'!B:B,A7,'Data - Task Tracker'!L:L),0)) | L7: Closed | M7: Low | N7: Completed
A8: PRJ-007 | B8: Fraud Monitoring Rules | C8: Apex Bank | D8: Ananya Rao | E8: 46152 | F8: 46310 | I8: Not Started | J8: Critical | K8: =IF(A8="","",IFERROR(AVERAGEIF('Data - Task Tracker'!B:B,A8,'Data - Task Tracker'!L:L),0)) | L8: Initiation | M8: High | N8: Vendor selection
A9: PRJ-008 | B9: Corporate NetBanking Refresh | C9: Crescent Finance | D9: Rohit Menon | E9: 46073 | F9: 46295 | G9: 46305 | I9: On Hold | J9: Medium | K9: =IF(A9="","",IFERROR(AVERAGEIF('Data - Task Tracker'!B:B,A9,'Data - Task Tracker'!L:L),0)) | L9: Requirements | M9: Medium | N9: Budget hold
K10: =IF(A10="","",IFERROR(AVERAGEIF('Data - Task Tracker'!B:B,A10,'Data - Task Tracker'!L:L),0))
K11: =IF(A11="","",IFERROR(AVERAGEIF('Data - Task Tracker'!B:B,A11,'Data - Task Tracker'!L:L),0))
K12: =IF(A12="","",IFERROR(AVERAGEIF('Data - Task Tracker'!B:B,A12,'Data - Task Tracker'!L:L),0))
K13: =IF(A13="","",IFERROR(AVERAGEIF('Data - Task Tracker'!B:B,A13,'Data - Task Tracker'!L:L),0))
K14: =IF(A14="","",IFERROR(AVERAGEIF('Data - Task Tracker'!B:B,A14,'Data - Task Tracker'!L:L),0))
K15: =IF(A15="","",IFERROR(AVERAGEIF('Data - Task Tracker'!B:B,A15,'Data - Task Tracker'!L:L),0))
K16: =IF(A16="","",IFERROR(AVERAGEIF('Data - Task Tracker'!B:B,A16,'Data - Task Tracker'!L:L),0))
K17: =IF(A17="","",IFERROR(AVERAGEIF('Data - Task Tracker'!B:B,A17,'Data - Task Tracker'!L:L),0))
K18: =IF(A18="","",IFERROR(AVERAGEIF('Data - Task Tracker'!B:B,A18,'Data - Task Tracker'!L:L),0))
K19: =IF(A19="","",IFERROR(AVERAGEIF('Data - Task Tracker'!B:B,A19,'Data - Task Tracker'!L:L),0))
K20: =IF(A20="","",IFERROR(AVERAGEIF('Data - Task Tracker'!B:B,A20,'Data - Task Tracker'!L:L),0))
K21: =IF(A21="","",IFERROR(AVERAGEIF('Data - Task Tracker'!B:B,A21,'Data - Task Tracker'!L:L),0))
... K350: =IF(A350="","",IFERROR(AVERAGEIF('Data - Task Tracker'!B:B,A350,'Data - Task Tracker'!L:L),0))

Sheet Data - Task Tracker
A1: Task ID | B1: Project ID | C1: Module Name | D1: Task Description | E1: Assigned To | F1: Start Date | G1: Due Date | H1: Actual Completion Date | I1: Status | J1: Priority | K1: Dependency | L1: Completion % | M1: Delay Days | N1: Remarks
A2: TSK-001 | B2: PRJ-001 | C2: Login | D2: Implement biometric login | E2: Priya Nair | F2: 46042 | G2: 46091 | H2: 46089 | I2: Completed | J2: High | L2: 1 | M2: =IF(G2="","",MAX(0,IF(H2<>"",H2-G2,IF(I2="Completed",0,TODAY()-G2)))) | N2: Released
A3: TSK-002 | B3: PRJ-001 | C3: Payments | D3: UPI limit enhancement | E3: Arjun Patel | F3: 46096 | G3: 46172 | I3: In Progress | J3: High | K3: TSK-001 | L3: 0.78 | M3: =IF(G3="","",MAX(0,IF(H3<>"",H3-G3,IF(I3="Completed",0,TODAY()-G3)))) | N3: Security review
A4: TSK-003 | B4: PRJ-002 | C4: Workflow | D4: Credit approval rules engine | E4: Leena Das | F4: 46068 | G4: 46178 | I4: Delayed | J4: Critical | L4: 0.64 | M4: =IF(G4="","",MAX(0,IF(H4<>"",H4-G4,IF(I4="Completed",0,TODAY()-G4)))) | N4: Rule migration
A5: TSK-004 | B5: PRJ-002 | C5: Integration | D5: CBS API integration | E5: Nikhil Verma | F5: 46082 | G5: 46193 | I5: Blocked | J5: Critical | K5: TSK-003 | L5: 0.45 | M5: =IF(G5="","",MAX(0,IF(H5<>"",H5-G5,IF(I5="Completed",0,TODAY()-G5)))) | N5: Vendor endpoint pending
A6: TSK-005 | B6: PRJ-003 | C6: Reports | D6: RBI compliance report pack | E6: Sara Thomas | F6: 45992 | G6: 46122 | H6: 46120 | I6: Completed | J6: High | L6: 1 | M6: =IF(G6="","",MAX(0,IF(H6<>"",H6-G6,IF(I6="Completed",0,TODAY()-G6)))) | N6: Validated
A7: TSK-006 | B7: PRJ-004 | C7: Onboarding | D7: KYC OCR validation | E7: Imran Ali | F7: 46113 | G7: 46167 | I7: Delayed | J7: High | L7: 0.7 | M7: =IF(G7="","",MAX(0,IF(H7<>"",H7-G7,IF(I7="Completed",0,TODAY()-G7)))) | N7: Accuracy issue
A8: TSK-007 | B8: PRJ-005 | C8: Dashboard | D8: Treasury exposure view | E8: Riya Sen | F8: 46127 | G8: 46218 | I8: In Progress | J8: Medium | L8: 0.55 | M8: =IF(G8="","",MAX(0,IF(H8<>"",H8-G8,IF(I8="Completed",0,TODAY()-G8)))) | N8: Design changes
A9: TSK-008 | B9: PRJ-006 | C9: Workflow | D9: Branch ticket workflow | E9: Priya Nair | F9: 46003 | G9: 46073 | H9: 46071 | I9: Completed | J9: Medium | L9: 1 | M9: =IF(G9="","",MAX(0,IF(H9<>"",H9-G9,IF(I9="Completed",0,TODAY()-G9)))) | N9: Closed
A10: TSK-009 | B10: PRJ-007 | C10: Security | D10: Fraud rules baseline | E10: Leena Das | F10: 46185 | G10: 46233 | I10: Not Started | J10: Critical | L10: 0 | M10: =IF(G10="","",MAX(0,IF(H10<>"",H10-G10,IF(I10="Completed",0,TODAY()-G10))))
A11: TSK-010 | B11: PRJ-008 | C11: Payments | D11: Corporate payment limits | E11: Arjun Patel | F11: 46091 | G11: 46203 | I11: On Hold | J11: Medium | L11: 0.25 | M11: =IF(G11="","",MAX(0,IF(H11<>"",H11-G11,IF(I11="Completed",0,TODAY()-G11)))) | N11: Budget hold
M12: =IF(G12="","",MAX(0,IF(H12<>"",H12-G12,IF(I12="Completed",0,TODAY()-G12))))
M13: =IF(G13="","",MAX(0,IF(H13<>"",H13-G13,IF(I13="Completed",0,TODAY()-G13))))
M14: =IF(G14="","",MAX(0,IF(H14<>"",H14-G14,IF(I14="Completed",0,TODAY()-G14))))
M15: =IF(G15="","",MAX(0,IF(H15<>"",H15-G15,IF(I15="Completed",0,TODAY()-G15))))
M16: =IF(G16="","",MAX(0,IF(H16<>"",H16-G16,IF(I16="Completed",0,TODAY()-G16))))
M17: =IF(G17="","",MAX(0,IF(H17<>"",H17-G17,IF(I17="Completed",0,TODAY()-G17))))
M18: =IF(G18="","",MAX(0,IF(H18<>"",H18-G18,IF(I18="Completed",0,TODAY()-G18))))
M19: =IF(G19="","",MAX(0,IF(H19<>"",H19-G19,IF(I19="Completed",0,TODAY()-G19))))
M20: =IF(G20="","",MAX(0,IF(H20<>"",H20-G20,IF(I20="Completed",0,TODAY()-G20))))
M21: =IF(G21="","",MAX(0,IF(H21<>"",H21-G21,IF(I21="Completed",0,TODAY()-G21))))
M22: =IF(G22="","",MAX(0,IF(H22<>"",H22-G22,IF(I22="Completed",0,TODAY()-G22))))
M23: =IF(G23="","",MAX(0,IF(H23<>"",H23-G23,IF(I23="Completed",0,TODAY()-G23))))
... M600: =IF(G600="","",MAX(0,IF(H600<>"",H600-G600,IF(I600="Completed",0,TODAY()-G600))))

Sheet Data - Milestone Tracker
A1: Milestone ID | B1: Project ID | C1: Milestone Name | D1: Planned Date | E1: Actual Date | F1: Status | G1: Delay Days | H1: Owner | I1: Remarks
A2: MS-001 | B2: PRJ-001 | C2: UAT Signoff | D2: 46191 | F2: At Risk | G2: =IF(D2="","",MAX(0,IF(E2<>"",E2-D2,IF(F2="Completed",0,TODAY()-D2)))) | H2: Ananya Rao | I2: Open defects
A3: MS-002 | B3: PRJ-002 | C3: SIT Entry | D3: 46198 | F3: Delayed | G3: =IF(D3="","",MAX(0,IF(E3<>"",E3-D3,IF(F3="Completed",0,TODAY()-D3)))) | H3: Rohit Menon | I3: Integration blocked
A4: MS-003 | B4: PRJ-003 | C4: Production Release | D4: 46147 | E4: 46148 | F4: Completed | G4: =IF(D4="","",MAX(0,IF(E4<>"",E4-D4,IF(F4="Completed",0,TODAY()-D4)))) | H4: Meera Iyer | I4: Released
G5: =IF(D5="","",MAX(0,IF(E5<>"",E5-D5,IF(F5="Completed",0,TODAY()-D5))))
G6: =IF(D6="","",MAX(0,IF(E6<>"",E6-D6,IF(F6="Completed",0,TODAY()-D6))))
G7: =IF(D7="","",MAX(0,IF(E7<>"",E7-D7,IF(F7="Completed",0,TODAY()-D7))))
G8: =IF(D8="","",MAX(0,IF(E8<>"",E8-D8,IF(F8="Completed",0,TODAY()-D8))))
G9: =IF(D9="","",MAX(0,IF(E9<>"",E9-D9,IF(F9="Completed",0,TODAY()-D9))))
G10: =IF(D10="","",MAX(0,IF(E10<>"",E10-D10,IF(F10="Completed",0,TODAY()-D10))))
G11: =IF(D11="","",MAX(0,IF(E11<>"",E11-D11,IF(F11="Completed",0,TODAY()-D11))))
G12: =IF(D12="","",MAX(0,IF(E12<>"",E12-D12,IF(F12="Completed",0,TODAY()-D12))))
G13: =IF(D13="","",MAX(0,IF(E13<>"",E13-D13,IF(F13="Completed",0,TODAY()-D13))))
G14: =IF(D14="","",MAX(0,IF(E14<>"",E14-D14,IF(F14="Completed",0,TODAY()-D14))))
G15: =IF(D15="","",MAX(0,IF(E15<>"",E15-D15,IF(F15="Completed",0,TODAY()-D15))))
G16: =IF(D16="","",MAX(0,IF(E16<>"",E16-D16,IF(F16="Completed",0,TODAY()-D16))))
... G350: =IF(D350="","",MAX(0,IF(E350<>"",E350-D350,IF(F350="Completed",0,TODAY()-D350))))

Sheet Data - Issue Tracker
A1: Issue ID | B1: Project ID | C1: Issue Description | D1: Raised By | E1: Raised Date | F1: Assigned To | G1: Severity | H1: Status | I1: Target Resolution Date | J1: Actual Resolution Date | K1: Delay Days | L1: Remarks
A2: ISS-001 | B2: PRJ-001 | C2: Payment confirmation timeout | D2: QA Team | E2: 46171 | F2: Arjun Patel | G2: High | H2: In Progress | I2: 46185 | K2: =IF(I2="","",MAX(0,IF(J2<>"",J2-I2,IF(OR(H2="Resolved",H2="Closed"),0,TODAY()-I2)))) | L2: Fix in review
A3: ISS-002 | B3: PRJ-002 | C3: CBS sandbox unavailable | D3: Integration Lead | E3: 46162 | F3: Nikhil Verma | G3: Critical | H3: Open | I3: 46178 | K3: =IF(I3="","",MAX(0,IF(J3<>"",J3-I3,IF(OR(H3="Resolved",H3="Closed"),0,TODAY()-I3)))) | L3: Escalated
A4: ISS-003 | B4: PRJ-004 | C4: OCR false rejection rate high | D4: QA Team | E4: 46172 | F4: Imran Ali | G4: High | H4: In Progress | I4: 46183 | K4: =IF(I4="","",MAX(0,IF(J4<>"",J4-I4,IF(OR(H4="Resolved",H4="Closed"),0,TODAY()-I4)))) | L4: Tuning
K5: =IF(I5="","",MAX(0,IF(J5<>"",J5-I5,IF(OR(H5="Resolved",H5="Closed"),0,TODAY()-I5))))
K6: =IF(I6="","",MAX(0,IF(J6<>"",J6-I6,IF(OR(H6="Resolved",H6="Closed"),0,TODAY()-I6))))
K7: =IF(I7="","",MAX(0,IF(J7<>"",J7-I7,IF(OR(H7="Resolved",H7="Closed"),0,TODAY()-I7))))
K8: =IF(I8="","",MAX(0,IF(J8<>"",J8-I8,IF(OR(H8="Resolved",H8="Closed"),0,TODAY()-I8))))
K9: =IF(I9="","",MAX(0,IF(J9<>"",J9-I9,IF(OR(H9="Resolved",H9="Closed"),0,TODAY()-I9))))
K10: =IF(I10="","",MAX(0,IF(J10<>"",J10-I10,IF(OR(H10="Resolved",H10="Closed"),0,TODAY()-I10))))
K11: =IF(I11="","",MAX(0,IF(J11<>"",J11-I11,IF(OR(H11="Resolved",H11="Closed"),0,TODAY()-I11))))
K12: =IF(I12="","",MAX(0,IF(J12<>"",J12-I12,IF(OR(H12="Resolved",H12="Closed"),0,TODAY()-I12))))
K13: =IF(I13="","",MAX(0,IF(J13<>"",J13-I13,IF(OR(H13="Resolved",H13="Closed"),0,TODAY()-I13))))
K14: =IF(I14="","",MAX(0,IF(J14<>"",J14-I14,IF(OR(H14="Resolved",H14="Closed"),0,TODAY()-I14))))
K15: =IF(I15="","",MAX(0,IF(J15<>"",J15-I15,IF(OR(H15="Resolved",H15="Closed"),0,TODAY()-I15))))
K16: =IF(I16="","",MAX(0,IF(J16<>"",J16-I16,IF(OR(H16="Resolved",H16="Closed"),0,TODAY()-I16))))
... K400: =IF(I400="","",MAX(0,IF(J400<>"",J400-I400,IF(OR(H400="Resolved",H400="Closed"),0,TODAY()-I400))))

Sheet Data - Risk Register
A1: Risk ID | B1: Project ID | C1: Risk Description | D1: Impact | E1: Probability | F1: Risk Score | G1: Risk Level | H1: Mitigation Plan | I1: Owner | J1: Status | K1: Remarks
A2: RSK-001 | B2: PRJ-001 | C2: UAT defect leakage may delay release | D2: 4 | E2: 4 | F2: =IF(OR(D2="",E2=""),"",D2*E2) | G2: =IF(F2="","",IF(F2>=20,"Critical",IF(F2>=12,"High",IF(F2>=6,"Medium","Low")))) | H2: Daily defect review | I2: Ananya Rao | J2: Open
A3: RSK-002 | B3: PRJ-002 | C3: Vendor API readiness risk | D3: 5 | E3: 5 | F3: =IF(OR(D3="",E3=""),"",D3*E3) | G3: =IF(F3="","",IF(F3>=20,"Critical",IF(F3>=12,"High",IF(F3>=6,"Medium","Low")))) | H3: Executive escalation | I3: Rohit Menon | J3: Open
A4: RSK-003 | B4: PRJ-004 | C4: Performance may not meet SLA | D4: 4 | E4: 4 | F4: =IF(OR(D4="",E4=""),"",D4*E4) | G4: =IF(F4="","",IF(F4>=20,"Critical",IF(F4>=12,"High",IF(F4>=6,"Medium","Low")))) | H4: Load testing | I4: Vikram Shah | J4: Open
F5: =IF(OR(D5="",E5=""),"",D5*E5) | G5: =IF(F5="","",IF(F5>=20,"Critical",IF(F5>=12,"High",IF(F5>=6,"Medium","Low"))))
F6: =IF(OR(D6="",E6=""),"",D6*E6) | G6: =IF(F6="","",IF(F6>=20,"Critical",IF(F6>=12,"High",IF(F6>=6,"Medium","Low"))))
F7: =IF(OR(D7="",E7=""),"",D7*E7) | G7: =IF(F7="","",IF(F7>=20,"Critical",IF(F7>=12,"High",IF(F7>=6,"Medium","Low"))))
F8: =IF(OR(D8="",E8=""),"",D8*E8) | G8: =IF(F8="","",IF(F8>=20,"Critical",IF(F8>=12,"High",IF(F8>=6,"Medium","Low"))))
F9: =IF(OR(D9="",E9=""),"",D9*E9) | G9: =IF(F9="","",IF(F9>=20,"Critical",IF(F9>=12,"High",IF(F9>=6,"Medium","Low"))))
F10: =IF(OR(D10="",E10=""),"",D10*E10) | G10: =IF(F10="","",IF(F10>=20,"Critical",IF(F10>=12,"High",IF(F10>=6,"Medium","Low"))))
F11: =IF(OR(D11="",E11=""),"",D11*E11) | G11: =IF(F11="","",IF(F11>=20,"Critical",IF(F11>=12,"High",IF(F11>=6,"Medium","Low"))))
F12: =IF(OR(D12="",E12=""),"",D12*E12) | G12: =IF(F12="","",IF(F12>=20,"Critical",IF(F12>=12,"High",IF(F12>=6,"Medium","Low"))))
F13: =IF(OR(D13="",E13=""),"",D13*E13) | G13: =IF(F13="","",IF(F13>=20,"Critical",IF(F13>=12,"High",IF(F13>=6,"Medium","Low"))))
F14: =IF(OR(D14="",E14=""),"",D14*E14) | G14: =IF(F14="","",IF(F14>=20,"Critical",IF(F14>=12,"High",IF(F14>=6,"Medium","Low"))))
F15: =IF(OR(D15="",E15=""),"",D15*E15) | G15: =IF(F15="","",IF(F15>=20,"Critical",IF(F15>=12,"High",IF(F15>=6,"Medium","Low"))))
F16: =IF(OR(D16="",E16=""),"",D16*E16) | G16: =IF(F16="","",IF(F16>=20,"Critical",IF(F16>=12,"High",IF(F16>=6,"Medium","Low"))))
... F350: =IF(OR(D350="",E350=""),"",D350*E350) | G350: =IF(F350="","",IF(F350>=20,"Critical",IF(F350>=12,"High",IF(F350>=6,"Medium","Low"))))

Sheet Data - Resource Tracker
A1: Resource Name | B1: Role | C1: Project ID | D1: Module | E1: Allocation % | F1: Start Date | G1: End Date | H1: Current Workload | I1: Remarks
A2: Priya Nair | B2: Frontend Engineer | C2: PRJ-001 | D2: Login | E2: 0.6 | F2: 46042 | G2: 46215 | H2: =IF(A2="","",SUMIF(A:A,A2,E:E))
A3: Arjun Patel | B3: Backend Engineer | C3: PRJ-001 | D3: Payments | E3: 0.8 | F3: 46096 | G3: 46215 | H3: =IF(A3="","",SUMIF(A:A,A3,E:E))
A4: Leena Das | B4: Business Analyst | C4: PRJ-002 | D4: Workflow | E4: 0.75 | F4: 46068 | G4: 46249 | H4: =IF(A4="","",SUMIF(A:A,A4,E:E))
H5: =IF(A5="","",SUMIF(A:A,A5,E:E))
H6: =IF(A6="","",SUMIF(A:A,A6,E:E))
H7: =IF(A7="","",SUMIF(A:A,A7,E:E))
H8: =IF(A8="","",SUMIF(A:A,A8,E:E))
H9: =IF(A9="","",SUMIF(A:A,A9,E:E))
H10: =IF(A10="","",SUMIF(A:A,A10,E:E))
H11: =IF(A11="","",SUMIF(A:A,A11,E:E))
H12: =IF(A12="","",SUMIF(A:A,A12,E:E))
H13: =IF(A13="","",SUMIF(A:A,A13,E:E))
H14: =IF(A14="","",SUMIF(A:A,A14,E:E))
H15: =IF(A15="","",SUMIF(A:A,A15,E:E))
H16: =IF(A16="","",SUMIF(A:A,A16,E:E))
... H350: =IF(A350="","",SUMIF(A:A,A350,E:E))

Sheet Data - Change Request Tracker
A1: CR ID | B1: Project ID | C1: Change Description | D1: Requested By | E1: Requested Date | F1: Impact Analysis | G1: Effort Estimate | H1: Approval Status | I1: Target Date | J1: Status | K1: Remarks
A2: CR-001 | B2: PRJ-001 | C2: Add transaction nickname field | D2: Business | E2: 46152 | F2: Medium UI/API impact | G2: 6 days | H2: Approved | I2: 46193 | J2: In Progress
A3: CR-002 | B3: PRJ-005 | C3: Add FX exposure drilldown | D3: Treasury | E3: 46170 | F3: High reporting impact | G3: 12 days | H3: Pending | I3: 46213 | J3: Open

Sheet Data - UAT Testing Tracker
A1: Test Case ID | B1: Project ID | C1: Module | D1: Test Scenario | E1: Tester | F1: Test Date | G1: Result | H1: Defect ID | I1: Retest Status | J1: Remarks
A2: TC-001 | B2: PRJ-001 | C2: Payments | D2: Verify successful UPI payment | E2: QA Analyst 1 | F2: 46175 | G2: Fail | H2: ISS-001 | I2: Pending | J2: Timeout
A3: TC-002 | B3: PRJ-003 | C3: Reports | D3: Generate monthly compliance report | E3: QA Analyst 2 | F3: 46130 | G3: Pass | I3: Not Required

Sheet Data - Deployment Tracker
A1: Deployment ID | B1: Project ID | C1: Environment | D1: Deployment Date | E1: Version | F1: Deployed By | G1: Deployment Status | H1: Rollback Required | I1: Remarks
A2: DEP-001 | B2: PRJ-003 | C2: Production | D2: 46148 | E2: v1.0.0 | F2: Release Manager | G2: Completed | H2: No | I2: Successful
A3: DEP-002 | B3: PRJ-001 | C3: UAT | D3: 46174 | E3: v0.9.2 | F3: Release Manager | G3: Successful | H3: No | I3: UAT build

Sheet Lists
A1: Project IDs | B1: People | C1: Modules | D1: Project Status | E1: Task Status | F1: Milestone Status | G1: Issue Status | H1: Priority | I1: Risk Level | J1: Severity | K1: Approval Status | L1: Test Result | M1: Retest Status | N1: Deployment Status | O1: Yes No | P1: Phase | Q1: Environment | R1: ImpactProbability
A2: PRJ-001 | B2: Ananya Rao | C2: Login | D2: Not Started | E2: Not Started | F2: Not Started | G2: Open | H2: Low | I2: Low | J2: Low | K2: Pending | L2: Not Run | M2: Pending | N2: Planned | O2: Yes | P2: Initiation | Q2: Development | R2: 1
A3: PRJ-002 | B3: Rohit Menon | C3: Payments | D3: Active | E3: In Progress | F3: In Progress | G3: In Progress | H3: Medium | I3: Medium | J3: Medium | K3: Approved | L3: Pass | M3: Pass | N3: Successful | O3: No | P3: Requirements | Q3: SIT | R3: 2
A4: PRJ-003 | B4: Meera Iyer | C4: Workflow | D4: On Hold | E4: Blocked | F4: Completed | G4: Resolved | H4: High | I4: High | J4: High | K4: Rejected | L4: Fail | M4: Fail | N4: Failed | P4: Design | Q4: UAT | R4: 3
A5: PRJ-004 | B5: Vikram Shah | C5: Integration | D5: Completed | E5: Completed | F5: Delayed | G5: Closed | H5: Critical | I5: Critical | J5: Critical | K5: Deferred | L5: Blocked | M5: Not Required | N5: Rolled Back | P5: Development | Q5: Pre-Production | R5: 4
A6: PRJ-005 | B6: Fatima Khan | C6: Reports | D6: Delayed | E6: Delayed | F6: At Risk | G6: Reopened | N6: Completed | P6: Testing | Q6: Production | R6: 5
A7: PRJ-006 | B7: Karan Desai | C7: Onboarding | D7: Cancelled | E7: Deferred | P7: UAT | Q7: DR
A8: PRJ-007 | B8: Priya Nair | C8: Dashboard | E8: On Hold | P8: Deployment
A9: PRJ-008 | B9: Arjun Patel | C9: KYC | P9: Hypercare
B10: Leena Das | C10: Security | P10: Closed
B11: Nikhil Verma | C11: Deployment
B12: Imran Ali
B13: Riya Sen
B14: Sara Thomas
B15: QA Analyst 1
B16: QA Analyst 2
B17: Release Manager
B18: DevOps
A25: No Apps Script required. Visible sheets are formula-driven filtered views. Edit source rows in Data sheets.
