Workbook

Sheet Project Dashboard
A1: Software Delivery Project Management Dashboard
A3: Project ID | B3: All | D3: Project Status | E3: All | G3: Priority | H3: All | J3: Risk Level | K3: All
A5: Total Projects | C5: Active Projects | E5: Completed | G5: Delayed | I5: Overall Completion | K5: High Risk
A6: =SUMPRODUCT(('Project Master'!$A$2:$A$300<>"")*IF($B$3="All",1,--('Project Master'!$A$2:$A$300=$B$3))*IF($E$3="All",1,--('Project Master'!$I$2:$I$300=$E$3))*IF($H$3="All",1,--('Project Master'!$J$2:$J$300=$H$3))*IF($K$3="All",1,--('Project Master'!$M$2:$M$300=$K$3))) | C6: =SUMPRODUCT(('Project Master'!$A$2:$A$300<>"")*IF($B$3="All",1,--('Project Master'!$A$2:$A$300=$B$3))*IF($E$3="All",1,--('Project Master'!$I$2:$I$300=$E$3))*IF($H$3="All",1,--('Project Master'!$J$2:$J$300=$H$3))*IF($K$3="All",1,--('Project Master'!$M$2:$M$300=$K$3))*--('Project Master'!$I$2:$I$300="Active")) | E6: =SUMPRODUCT(('Project Master'!$A$2:$A$300<>"")*IF($B$3="All",1,--('Project Master'!$A$2:$A$300=$B$3))*IF($E$3="All",1,--('Project Master'!$I$2:$I$300=$E$3))*IF($H$3="All",1,--('Project Master'!$J$2:$J$300=$H$3))*IF($K$3="All",1,--('Project Master'!$M$2:$M$300=$K$3))*--('Project Master'!$I$2:$I$300="Completed")) | G6: =SUMPRODUCT(('Project Master'!$A$2:$A$300<>"")*IF($B$3="All",1,--('Project Master'!$A$2:$A$300=$B$3))*IF($E$3="All",1,--('Project Master'!$I$2:$I$300=$E$3))*IF($H$3="All",1,--('Project Master'!$J$2:$J$300=$H$3))*IF($K$3="All",1,--('Project Master'!$M$2:$M$300=$K$3))*--('Project Master'!$I$2:$I$300="Delayed")) | I6: =IFERROR(AVERAGE(FILTER('Project Master'!$K$2:$K$300,('Project Master'!$A$2:$A$300<>"")*IF($B$3="All",1,--('Project Master'!$A$2:$A$300=$B$3))*IF($E$3="All",1,--('Project Master'!$I$2:$I$300=$E$3))*IF($H$3="All",1,--('Project Master'!$J$2:$J$300=$H$3))*IF($K$3="All",1,--('Project Master'!$M$2:$M$300=$K$3)))),0) | K6: =SUMPRODUCT(('Project Master'!$A$2:$A$300<>"")*IF($B$3="All",1,--('Project Master'!$A$2:$A$300=$B$3))*IF($E$3="All",1,--('Project Master'!$I$2:$I$300=$E$3))*IF($H$3="All",1,--('Project Master'!$J$2:$J$300=$H$3))*IF($K$3="All",1,--('Project Master'!$M$2:$M$300=$K$3))*--((('Project Master'!$M$2:$M$300="High")+('Project Master'!$M$2:$M$300="Critical"))>0))
A13: Status | B13: Count
A14: Not Started | B14: =COUNTIF('Project Master'!I:I,A14)
A15: Active | B15: =COUNTIF('Project Master'!I:I,A15)
A16: On Hold | B16: =COUNTIF('Project Master'!I:I,A16)
A17: Completed | B17: =COUNTIF('Project Master'!I:I,A17)
A18: Delayed | B18: =COUNTIF('Project Master'!I:I,A18)
A19: Cancelled | B19: =COUNTIF('Project Master'!I:I,A19)

Sheet Gantt Chart
A1: Task ID | B1: Project ID | C1: Module | D1: Task Description | E1: Assigned To | F1: Start Date | G1: Due Date | H1: Status | I1: Completion % | J1: Delay Days | K1: =TODAY()-WEEKDAY(TODAY(),2)-28 | L1: =K1+7 | M1: =L1+7 | N1: =M1+7 | O1: =N1+7 | P1: =O1+7 | Q1: =P1+7 | R1: =Q1+7 | S1: =R1+7 | ... BJ1: =BI1+7
A2: =IFERROR(INDEX('Task Tracker'!A:A,ROW()),"") | B2: =IFERROR(INDEX('Task Tracker'!B:B,ROW()),"") | C2: =IFERROR(INDEX('Task Tracker'!C:C,ROW()),"") | D2: =IFERROR(INDEX('Task Tracker'!D:D,ROW()),"") | E2: =IFERROR(INDEX('Task Tracker'!E:E,ROW()),"") | F2: =IFERROR(INDEX('Task Tracker'!F:F,ROW()),"") | G2: =IFERROR(INDEX('Task Tracker'!G:G,ROW()),"") | H2: =IFERROR(INDEX('Task Tracker'!H:H,ROW()),"") | I2: =IFERROR(INDEX('Task Tracker'!I:I,ROW()),"") | J2: =IFERROR(INDEX('Task Tracker'!J:J,ROW()),"")
A3: =IFERROR(INDEX('Task Tracker'!A:A,ROW()),"") | B3: =IFERROR(INDEX('Task Tracker'!B:B,ROW()),"") | C3: =IFERROR(INDEX('Task Tracker'!C:C,ROW()),"") | D3: =IFERROR(INDEX('Task Tracker'!D:D,ROW()),"") | E3: =IFERROR(INDEX('Task Tracker'!E:E,ROW()),"") | F3: =IFERROR(INDEX('Task Tracker'!F:F,ROW()),"") | G3: =IFERROR(INDEX('Task Tracker'!G:G,ROW()),"") | H3: =IFERROR(INDEX('Task Tracker'!H:H,ROW()),"") | I3: =IFERROR(INDEX('Task Tracker'!I:I,ROW()),"") | J3: =IFERROR(INDEX('Task Tracker'!J:J,ROW()),"")
A4: =IFERROR(INDEX('Task Tracker'!A:A,ROW()),"") | B4: =IFERROR(INDEX('Task Tracker'!B:B,ROW()),"") | C4: =IFERROR(INDEX('Task Tracker'!C:C,ROW()),"") | D4: =IFERROR(INDEX('Task Tracker'!D:D,ROW()),"") | E4: =IFERROR(INDEX('Task Tracker'!E:E,ROW()),"") | F4: =IFERROR(INDEX('Task Tracker'!F:F,ROW()),"") | G4: =IFERROR(INDEX('Task Tracker'!G:G,ROW()),"") | H4: =IFERROR(INDEX('Task Tracker'!H:H,ROW()),"") | I4: =IFERROR(INDEX('Task Tracker'!I:I,ROW()),"") | J4: =IFERROR(INDEX('Task Tracker'!J:J,ROW()),"")
A5: =IFERROR(INDEX('Task Tracker'!A:A,ROW()),"") | B5: =IFERROR(INDEX('Task Tracker'!B:B,ROW()),"") | C5: =IFERROR(INDEX('Task Tracker'!C:C,ROW()),"") | D5: =IFERROR(INDEX('Task Tracker'!D:D,ROW()),"") | E5: =IFERROR(INDEX('Task Tracker'!E:E,ROW()),"") | F5: =IFERROR(INDEX('Task Tracker'!F:F,ROW()),"") | G5: =IFERROR(INDEX('Task Tracker'!G:G,ROW()),"") | H5: =IFERROR(INDEX('Task Tracker'!H:H,ROW()),"") | I5: =IFERROR(INDEX('Task Tracker'!I:I,ROW()),"") | J5: =IFERROR(INDEX('Task Tracker'!J:J,ROW()),"")
A6: =IFERROR(INDEX('Task Tracker'!A:A,ROW()),"") | B6: =IFERROR(INDEX('Task Tracker'!B:B,ROW()),"") | C6: =IFERROR(INDEX('Task Tracker'!C:C,ROW()),"") | D6: =IFERROR(INDEX('Task Tracker'!D:D,ROW()),"") | E6: =IFERROR(INDEX('Task Tracker'!E:E,ROW()),"") | F6: =IFERROR(INDEX('Task Tracker'!F:F,ROW()),"") | G6: =IFERROR(INDEX('Task Tracker'!G:G,ROW()),"") | H6: =IFERROR(INDEX('Task Tracker'!H:H,ROW()),"") | I6: =IFERROR(INDEX('Task Tracker'!I:I,ROW()),"") | J6: =IFERROR(INDEX('Task Tracker'!J:J,ROW()),"")
A7: =IFERROR(INDEX('Task Tracker'!A:A,ROW()),"") | B7: =IFERROR(INDEX('Task Tracker'!B:B,ROW()),"") | C7: =IFERROR(INDEX('Task Tracker'!C:C,ROW()),"") | D7: =IFERROR(INDEX('Task Tracker'!D:D,ROW()),"") | E7: =IFERROR(INDEX('Task Tracker'!E:E,ROW()),"") | F7: =IFERROR(INDEX('Task Tracker'!F:F,ROW()),"") | G7: =IFERROR(INDEX('Task Tracker'!G:G,ROW()),"") | H7: =IFERROR(INDEX('Task Tracker'!H:H,ROW()),"") | I7: =IFERROR(INDEX('Task Tracker'!I:I,ROW()),"") | J7: =IFERROR(INDEX('Task Tracker'!J:J,ROW()),"")
A8: =IFERROR(INDEX('Task Tracker'!A:A,ROW()),"") | B8: =IFERROR(INDEX('Task Tracker'!B:B,ROW()),"") | C8: =IFERROR(INDEX('Task Tracker'!C:C,ROW()),"") | D8: =IFERROR(INDEX('Task Tracker'!D:D,ROW()),"") | E8: =IFERROR(INDEX('Task Tracker'!E:E,ROW()),"") | F8: =IFERROR(INDEX('Task Tracker'!F:F,ROW()),"") | G8: =IFERROR(INDEX('Task Tracker'!G:G,ROW()),"") | H8: =IFERROR(INDEX('Task Tracker'!H:H,ROW()),"") | I8: =IFERROR(INDEX('Task Tracker'!I:I,ROW()),"") | J8: =IFERROR(INDEX('Task Tracker'!J:J,ROW()),"")
A9: =IFERROR(INDEX('Task Tracker'!A:A,ROW()),"") | B9: =IFERROR(INDEX('Task Tracker'!B:B,ROW()),"") | C9: =IFERROR(INDEX('Task Tracker'!C:C,ROW()),"") | D9: =IFERROR(INDEX('Task Tracker'!D:D,ROW()),"") | E9: =IFERROR(INDEX('Task Tracker'!E:E,ROW()),"") | F9: =IFERROR(INDEX('Task Tracker'!F:F,ROW()),"") | G9: =IFERROR(INDEX('Task Tracker'!G:G,ROW()),"") | H9: =IFERROR(INDEX('Task Tracker'!H:H,ROW()),"") | I9: =IFERROR(INDEX('Task Tracker'!I:I,ROW()),"") | J9: =IFERROR(INDEX('Task Tracker'!J:J,ROW()),"")
A10: =IFERROR(INDEX('Task Tracker'!A:A,ROW()),"") | B10: =IFERROR(INDEX('Task Tracker'!B:B,ROW()),"") | C10: =IFERROR(INDEX('Task Tracker'!C:C,ROW()),"") | D10: =IFERROR(INDEX('Task Tracker'!D:D,ROW()),"") | E10: =IFERROR(INDEX('Task Tracker'!E:E,ROW()),"") | F10: =IFERROR(INDEX('Task Tracker'!F:F,ROW()),"") | G10: =IFERROR(INDEX('Task Tracker'!G:G,ROW()),"") | H10: =IFERROR(INDEX('Task Tracker'!H:H,ROW()),"") | I10: =IFERROR(INDEX('Task Tracker'!I:I,ROW()),"") | J10: =IFERROR(INDEX('Task Tracker'!J:J,ROW()),"")
A11: =IFERROR(INDEX('Task Tracker'!A:A,ROW()),"") | B11: =IFERROR(INDEX('Task Tracker'!B:B,ROW()),"") | C11: =IFERROR(INDEX('Task Tracker'!C:C,ROW()),"") | D11: =IFERROR(INDEX('Task Tracker'!D:D,ROW()),"") | E11: =IFERROR(INDEX('Task Tracker'!E:E,ROW()),"") | F11: =IFERROR(INDEX('Task Tracker'!F:F,ROW()),"") | G11: =IFERROR(INDEX('Task Tracker'!G:G,ROW()),"") | H11: =IFERROR(INDEX('Task Tracker'!H:H,ROW()),"") | I11: =IFERROR(INDEX('Task Tracker'!I:I,ROW()),"") | J11: =IFERROR(INDEX('Task Tracker'!J:J,ROW()),"")
A12: =IFERROR(INDEX('Task Tracker'!A:A,ROW()),"") | B12: =IFERROR(INDEX('Task Tracker'!B:B,ROW()),"") | C12: =IFERROR(INDEX('Task Tracker'!C:C,ROW()),"") | D12: =IFERROR(INDEX('Task Tracker'!D:D,ROW()),"") | E12: =IFERROR(INDEX('Task Tracker'!E:E,ROW()),"") | F12: =IFERROR(INDEX('Task Tracker'!F:F,ROW()),"") | G12: =IFERROR(INDEX('Task Tracker'!G:G,ROW()),"") | H12: =IFERROR(INDEX('Task Tracker'!H:H,ROW()),"") | I12: =IFERROR(INDEX('Task Tracker'!I:I,ROW()),"") | J12: =IFERROR(INDEX('Task Tracker'!J:J,ROW()),"")
A13: =IFERROR(INDEX('Task Tracker'!A:A,ROW()),"") | B13: =IFERROR(INDEX('Task Tracker'!B:B,ROW()),"") | C13: =IFERROR(INDEX('Task Tracker'!C:C,ROW()),"") | D13: =IFERROR(INDEX('Task Tracker'!D:D,ROW()),"") | E13: =IFERROR(INDEX('Task Tracker'!E:E,ROW()),"") | F13: =IFERROR(INDEX('Task Tracker'!F:F,ROW()),"") | G13: =IFERROR(INDEX('Task Tracker'!G:G,ROW()),"") | H13: =IFERROR(INDEX('Task Tracker'!H:H,ROW()),"") | I13: =IFERROR(INDEX('Task Tracker'!I:I,ROW()),"") | J13: =IFERROR(INDEX('Task Tracker'!J:J,ROW()),"")
... A41: =IFERROR(INDEX('Task Tracker'!A:A,ROW()),"") | B41: =IFERROR(INDEX('Task Tracker'!B:B,ROW()),"") | C41: =IFERROR(INDEX('Task Tracker'!C:C,ROW()),"") | D41: =IFERROR(INDEX('Task Tracker'!D:D,ROW()),"") | E41: =IFERROR(INDEX('Task Tracker'!E:E,ROW()),"") | F41: =IFERROR(INDEX('Task Tracker'!F:F,ROW()),"") | G41: =IFERROR(INDEX('Task Tracker'!G:G,ROW()),"") | H41: =IFERROR(INDEX('Task Tracker'!H:H,ROW()),"") | I41: =IFERROR(INDEX('Task Tracker'!I:I,ROW()),"") | J41: =IFERROR(INDEX('Task Tracker'!J:J,ROW()),"")

Sheet Project Master
A1: Project ID | B1: Project Name | C1: Client / Bank Name | D1: Project Manager | E1: Start Date | F1: Planned End Date | G1: Revised End Date | H1: Actual End Date | I1: Project Status | J1: Priority | K1: Completion % | L1: Current Phase | M1: Risk Level | N1: Remarks
A2: PRJ-001 | B2: Mobile Banking Revamp | C2: Apex Bank | D2: Ananya Rao | E2: 46028 | F2: 46201 | G2: 46215 | I2: Active | J2: High | K2: =IF(A2="","",IFERROR(AVERAGEIF('Task Tracker'!B:B,A2,'Task Tracker'!L:L),0)) | L2: UAT | M2: High | N2: UAT defects under triage
A3: PRJ-002 | B3: Loan Origination Workflow | C3: Crescent Finance | D3: Rohit Menon | E3: 46056 | F3: 46249 | I3: Active | J3: Critical | K3: =IF(A3="","",IFERROR(AVERAGEIF('Task Tracker'!B:B,A3,'Task Tracker'!L:L),0)) | L3: Development | M3: Critical | N3: Integration dependency with CBS
A4: PRJ-003 | B4: Regulatory Reporting Portal | C4: Northstar Bank | D4: Meera Iyer | E4: 45971 | F4: 46142 | G4: 46150 | H4: 46148 | I4: Completed | J4: High | K4: =IF(A4="","",IFERROR(AVERAGEIF('Task Tracker'!B:B,A4,'Task Tracker'!L:L),0)) | L4: Closed | M4: Medium | N4: Delivered
A5: PRJ-004 | B5: Customer Onboarding App | C5: Horizon Credit Union | D5: Vikram Shah | E5: 46098 | F5: 46234 | G5: 46255 | I5: Delayed | J5: High | K5: =IF(A5="","",IFERROR(AVERAGEIF('Task Tracker'!B:B,A5,'Task Tracker'!L:L),0)) | L5: Testing | M5: High | N5: API performance issue open
K6: =IF(A6="","",IFERROR(AVERAGEIF('Task Tracker'!B:B,A6,'Task Tracker'!L:L),0))
K7: =IF(A7="","",IFERROR(AVERAGEIF('Task Tracker'!B:B,A7,'Task Tracker'!L:L),0))
K8: =IF(A8="","",IFERROR(AVERAGEIF('Task Tracker'!B:B,A8,'Task Tracker'!L:L),0))
K9: =IF(A9="","",IFERROR(AVERAGEIF('Task Tracker'!B:B,A9,'Task Tracker'!L:L),0))
K10: =IF(A10="","",IFERROR(AVERAGEIF('Task Tracker'!B:B,A10,'Task Tracker'!L:L),0))
K11: =IF(A11="","",IFERROR(AVERAGEIF('Task Tracker'!B:B,A11,'Task Tracker'!L:L),0))
K12: =IF(A12="","",IFERROR(AVERAGEIF('Task Tracker'!B:B,A12,'Task Tracker'!L:L),0))
K13: =IF(A13="","",IFERROR(AVERAGEIF('Task Tracker'!B:B,A13,'Task Tracker'!L:L),0))
K14: =IF(A14="","",IFERROR(AVERAGEIF('Task Tracker'!B:B,A14,'Task Tracker'!L:L),0))
K15: =IF(A15="","",IFERROR(AVERAGEIF('Task Tracker'!B:B,A15,'Task Tracker'!L:L),0))
K16: =IF(A16="","",IFERROR(AVERAGEIF('Task Tracker'!B:B,A16,'Task Tracker'!L:L),0))
K17: =IF(A17="","",IFERROR(AVERAGEIF('Task Tracker'!B:B,A17,'Task Tracker'!L:L),0))
... K300: =IF(A300="","",IFERROR(AVERAGEIF('Task Tracker'!B:B,A300,'Task Tracker'!L:L),0))

Sheet Task Tracker
A1: Task ID | B1: Project ID | C1: Module Name | D1: Task Description | E1: Assigned To | F1: Start Date | G1: Due Date | H1: Actual Completion Date | I1: Status | J1: Priority | K1: Dependency | L1: Completion % | M1: Delay Days | N1: Remarks
A2: TSK-001 | B2: PRJ-001 | C2: Login | D2: Implement biometric login | E2: Priya Nair | F2: 46042 | G2: 46091 | H2: 46089 | I2: Completed | J2: High | L2: 1 | M2: =IF(G2="","",MAX(0,IF(H2<>"",H2-G2,IF(I2="Completed",0,TODAY()-G2)))) | N2: Released
A3: TSK-002 | B3: PRJ-001 | C3: Payments | D3: UPI limit enhancement | E3: Arjun Patel | F3: 46096 | G3: 46172 | I3: In Progress | J3: High | K3: TSK-001 | L3: 0.78 | M3: =IF(G3="","",MAX(0,IF(H3<>"",H3-G3,IF(I3="Completed",0,TODAY()-G3)))) | N3: Awaiting review
A4: TSK-003 | B4: PRJ-002 | C4: Workflow | D4: Credit approval rules engine | E4: Leena Das | F4: 46068 | G4: 46178 | I4: Delayed | J4: Critical | L4: 0.64 | M4: =IF(G4="","",MAX(0,IF(H4<>"",H4-G4,IF(I4="Completed",0,TODAY()-G4)))) | N4: Slow migration
A5: TSK-004 | B5: PRJ-004 | C5: Onboarding | D5: KYC OCR validation | E5: Imran Ali | F5: 46113 | G5: 46167 | I5: Delayed | J5: High | L5: 0.7 | M5: =IF(G5="","",MAX(0,IF(H5<>"",H5-G5,IF(I5="Completed",0,TODAY()-G5)))) | N5: Accuracy issue
M6: =IF(G6="","",MAX(0,IF(H6<>"",H6-G6,IF(I6="Completed",0,TODAY()-G6))))
M7: =IF(G7="","",MAX(0,IF(H7<>"",H7-G7,IF(I7="Completed",0,TODAY()-G7))))
M8: =IF(G8="","",MAX(0,IF(H8<>"",H8-G8,IF(I8="Completed",0,TODAY()-G8))))
M9: =IF(G9="","",MAX(0,IF(H9<>"",H9-G9,IF(I9="Completed",0,TODAY()-G9))))
M10: =IF(G10="","",MAX(0,IF(H10<>"",H10-G10,IF(I10="Completed",0,TODAY()-G10))))
M11: =IF(G11="","",MAX(0,IF(H11<>"",H11-G11,IF(I11="Completed",0,TODAY()-G11))))
M12: =IF(G12="","",MAX(0,IF(H12<>"",H12-G12,IF(I12="Completed",0,TODAY()-G12))))
M13: =IF(G13="","",MAX(0,IF(H13<>"",H13-G13,IF(I13="Completed",0,TODAY()-G13))))
M14: =IF(G14="","",MAX(0,IF(H14<>"",H14-G14,IF(I14="Completed",0,TODAY()-G14))))
M15: =IF(G15="","",MAX(0,IF(H15<>"",H15-G15,IF(I15="Completed",0,TODAY()-G15))))
M16: =IF(G16="","",MAX(0,IF(H16<>"",H16-G16,IF(I16="Completed",0,TODAY()-G16))))
M17: =IF(G17="","",MAX(0,IF(H17<>"",H17-G17,IF(I17="Completed",0,TODAY()-G17))))
... M500: =IF(G500="","",MAX(0,IF(H500<>"",H500-G500,IF(I500="Completed",0,TODAY()-G500))))

Sheet Milestone Tracker
A1: Milestone ID | B1: Project ID | C1: Milestone Name | D1: Planned Date | E1: Actual Date | F1: Status | G1: Delay Days | H1: Owner | I1: Remarks
A2: MS-001 | B2: PRJ-001 | C2: UAT Signoff | D2: 46191 | F2: At Risk | G2: =IF(D2="","",MAX(0,IF(E2<>"",E2-D2,IF(F2="Completed",0,TODAY()-D2)))) | H2: Ananya Rao | I2: Open defects remain
A3: MS-002 | B3: PRJ-002 | C3: SIT Entry | D3: 46198 | F3: Delayed | G3: =IF(D3="","",MAX(0,IF(E3<>"",E3-D3,IF(F3="Completed",0,TODAY()-D3)))) | H3: Rohit Menon | I3: Integration blocked
G4: =IF(D4="","",MAX(0,IF(E4<>"",E4-D4,IF(F4="Completed",0,TODAY()-D4))))
G5: =IF(D5="","",MAX(0,IF(E5<>"",E5-D5,IF(F5="Completed",0,TODAY()-D5))))
G6: =IF(D6="","",MAX(0,IF(E6<>"",E6-D6,IF(F6="Completed",0,TODAY()-D6))))
G7: =IF(D7="","",MAX(0,IF(E7<>"",E7-D7,IF(F7="Completed",0,TODAY()-D7))))
G8: =IF(D8="","",MAX(0,IF(E8<>"",E8-D8,IF(F8="Completed",0,TODAY()-D8))))
G9: =IF(D9="","",MAX(0,IF(E9<>"",E9-D9,IF(F9="Completed",0,TODAY()-D9))))
G10: =IF(D10="","",MAX(0,IF(E10<>"",E10-D10,IF(F10="Completed",0,TODAY()-D10))))
G11: =IF(D11="","",MAX(0,IF(E11<>"",E11-D11,IF(F11="Completed",0,TODAY()-D11))))
G12: =IF(D12="","",MAX(0,IF(E12<>"",E12-D12,IF(F12="Completed",0,TODAY()-D12))))
G13: =IF(D13="","",MAX(0,IF(E13<>"",E13-D13,IF(F13="Completed",0,TODAY()-D13))))
G14: =IF(D14="","",MAX(0,IF(E14<>"",E14-D14,IF(F14="Completed",0,TODAY()-D14))))
G15: =IF(D15="","",MAX(0,IF(E15<>"",E15-D15,IF(F15="Completed",0,TODAY()-D15))))
... G300: =IF(D300="","",MAX(0,IF(E300<>"",E300-D300,IF(F300="Completed",0,TODAY()-D300))))

Sheet Issue Tracker
A1: Issue ID | B1: Project ID | C1: Issue Description | D1: Raised By | E1: Raised Date | F1: Assigned To | G1: Severity | H1: Status | I1: Target Resolution Date | J1: Actual Resolution Date | K1: Delay Days | L1: Remarks
A2: ISS-001 | B2: PRJ-001 | C2: Payment confirmation timeout | D2: QA Team | E2: 46171 | F2: Arjun Patel | G2: High | H2: In Progress | I2: 46185 | K2: =IF(I2="","",MAX(0,IF(J2<>"",J2-I2,IF(OR(H2="Resolved",H2="Closed"),0,TODAY()-I2)))) | L2: Fix in review
A3: ISS-002 | B3: PRJ-002 | C3: CBS sandbox unavailable | D3: Integration Lead | E3: 46162 | F3: Nikhil Verma | G3: Critical | H3: Open | I3: 46178 | K3: =IF(I3="","",MAX(0,IF(J3<>"",J3-I3,IF(OR(H3="Resolved",H3="Closed"),0,TODAY()-I3)))) | L3: Escalated
K4: =IF(I4="","",MAX(0,IF(J4<>"",J4-I4,IF(OR(H4="Resolved",H4="Closed"),0,TODAY()-I4))))
K5: =IF(I5="","",MAX(0,IF(J5<>"",J5-I5,IF(OR(H5="Resolved",H5="Closed"),0,TODAY()-I5))))
K6: =IF(I6="","",MAX(0,IF(J6<>"",J6-I6,IF(OR(H6="Resolved",H6="Closed"),0,TODAY()-I6))))
K7: =IF(I7="","",MAX(0,IF(J7<>"",J7-I7,IF(OR(H7="Resolved",H7="Closed"),0,TODAY()-I7))))
K8: =IF(I8="","",MAX(0,IF(J8<>"",J8-I8,IF(OR(H8="Resolved",H8="Closed"),0,TODAY()-I8))))
K9: =IF(I9="","",MAX(0,IF(J9<>"",J9-I9,IF(OR(H9="Resolved",H9="Closed"),0,TODAY()-I9))))
K10: =IF(I10="","",MAX(0,IF(J10<>"",J10-I10,IF(OR(H10="Resolved",H10="Closed"),0,TODAY()-I10))))
K11: =IF(I11="","",MAX(0,IF(J11<>"",J11-I11,IF(OR(H11="Resolved",H11="Closed"),0,TODAY()-I11))))
K12: =IF(I12="","",MAX(0,IF(J12<>"",J12-I12,IF(OR(H12="Resolved",H12="Closed"),0,TODAY()-I12))))
K13: =IF(I13="","",MAX(0,IF(J13<>"",J13-I13,IF(OR(H13="Resolved",H13="Closed"),0,TODAY()-I13))))
K14: =IF(I14="","",MAX(0,IF(J14<>"",J14-I14,IF(OR(H14="Resolved",H14="Closed"),0,TODAY()-I14))))
K15: =IF(I15="","",MAX(0,IF(J15<>"",J15-I15,IF(OR(H15="Resolved",H15="Closed"),0,TODAY()-I15))))
... K300: =IF(I300="","",MAX(0,IF(J300<>"",J300-I300,IF(OR(H300="Resolved",H300="Closed"),0,TODAY()-I300))))

Sheet Risk Register
A1: Risk ID | B1: Project ID | C1: Risk Description | D1: Impact | E1: Probability | F1: Risk Score | G1: Risk Level | H1: Mitigation Plan | I1: Owner | J1: Status | K1: Remarks
A2: RSK-001 | B2: PRJ-001 | C2: UAT defect leakage may delay release | D2: 4 | E2: 4 | F2: =IF(OR(D2="",E2=""),"",D2*E2) | G2: =IF(F2="","",IF(F2>=20,"Critical",IF(F2>=12,"High",IF(F2>=6,"Medium","Low")))) | H2: Daily defect review | I2: Ananya Rao | J2: Open
A3: RSK-002 | B3: PRJ-002 | C3: Vendor API readiness risk | D3: 5 | E3: 5 | F3: =IF(OR(D3="",E3=""),"",D3*E3) | G3: =IF(F3="","",IF(F3>=20,"Critical",IF(F3>=12,"High",IF(F3>=6,"Medium","Low")))) | H3: Executive escalation | I3: Rohit Menon | J3: Open
F4: =IF(OR(D4="",E4=""),"",D4*E4) | G4: =IF(F4="","",IF(F4>=20,"Critical",IF(F4>=12,"High",IF(F4>=6,"Medium","Low"))))
F5: =IF(OR(D5="",E5=""),"",D5*E5) | G5: =IF(F5="","",IF(F5>=20,"Critical",IF(F5>=12,"High",IF(F5>=6,"Medium","Low"))))
F6: =IF(OR(D6="",E6=""),"",D6*E6) | G6: =IF(F6="","",IF(F6>=20,"Critical",IF(F6>=12,"High",IF(F6>=6,"Medium","Low"))))
F7: =IF(OR(D7="",E7=""),"",D7*E7) | G7: =IF(F7="","",IF(F7>=20,"Critical",IF(F7>=12,"High",IF(F7>=6,"Medium","Low"))))
F8: =IF(OR(D8="",E8=""),"",D8*E8) | G8: =IF(F8="","",IF(F8>=20,"Critical",IF(F8>=12,"High",IF(F8>=6,"Medium","Low"))))
F9: =IF(OR(D9="",E9=""),"",D9*E9) | G9: =IF(F9="","",IF(F9>=20,"Critical",IF(F9>=12,"High",IF(F9>=6,"Medium","Low"))))
F10: =IF(OR(D10="",E10=""),"",D10*E10) | G10: =IF(F10="","",IF(F10>=20,"Critical",IF(F10>=12,"High",IF(F10>=6,"Medium","Low"))))
F11: =IF(OR(D11="",E11=""),"",D11*E11) | G11: =IF(F11="","",IF(F11>=20,"Critical",IF(F11>=12,"High",IF(F11>=6,"Medium","Low"))))
F12: =IF(OR(D12="",E12=""),"",D12*E12) | G12: =IF(F12="","",IF(F12>=20,"Critical",IF(F12>=12,"High",IF(F12>=6,"Medium","Low"))))
F13: =IF(OR(D13="",E13=""),"",D13*E13) | G13: =IF(F13="","",IF(F13>=20,"Critical",IF(F13>=12,"High",IF(F13>=6,"Medium","Low"))))
F14: =IF(OR(D14="",E14=""),"",D14*E14) | G14: =IF(F14="","",IF(F14>=20,"Critical",IF(F14>=12,"High",IF(F14>=6,"Medium","Low"))))
F15: =IF(OR(D15="",E15=""),"",D15*E15) | G15: =IF(F15="","",IF(F15>=20,"Critical",IF(F15>=12,"High",IF(F15>=6,"Medium","Low"))))
... F300: =IF(OR(D300="",E300=""),"",D300*E300) | G300: =IF(F300="","",IF(F300>=20,"Critical",IF(F300>=12,"High",IF(F300>=6,"Medium","Low"))))

Sheet Resource Tracker
A1: Resource Name | B1: Role | C1: Project ID | D1: Module | E1: Allocation % | F1: Start Date | G1: End Date | H1: Current Workload | I1: Remarks
A2: Priya Nair | B2: Frontend Engineer | C2: PRJ-001 | D2: Login | E2: 0.6 | F2: 46042 | G2: 46215 | H2: =IF(A2="","",SUMIF(A:A,A2,E:E))
A3: Arjun Patel | B3: Backend Engineer | C3: PRJ-001 | D3: Payments | E3: 0.8 | F3: 46096 | G3: 46215 | H3: =IF(A3="","",SUMIF(A:A,A3,E:E))
A4: Leena Das | B4: Business Analyst | C4: PRJ-002 | D4: Workflow | E4: 0.75 | F4: 46068 | G4: 46249 | H4: =IF(A4="","",SUMIF(A:A,A4,E:E))
H5: =IF(A5="","",SUMIF(A:A,A5,E:E))
H6: =IF(A6="","",SUMIF(A:A,A6,E:E))
H7: =IF(A7="","",SUMIF(A:A,A7,E:E))
H8: =IF(A8="","",SUMIF(A:A,A8,E:E))
H9: =IF(A9="","",SUMIF(A:A,A9,E:E))
H10: =IF(A10="","",SUMIF(A:A,A10,E:E))
H11: =IF(A11="","",SUMIF(A:A,A11,E:E))
H12: =IF(A12="","",SUMIF(A:A,A12,E:E))
H13: =IF(A13="","",SUMIF(A:A,A13,E:E))
H14: =IF(A14="","",SUMIF(A:A,A14,E:E))
H15: =IF(A15="","",SUMIF(A:A,A15,E:E))
H16: =IF(A16="","",SUMIF(A:A,A16,E:E))
... H300: =IF(A300="","",SUMIF(A:A,A300,E:E))

Sheet Change Request Tracker
A1: CR ID | B1: Project ID | C1: Change Description | D1: Requested By | E1: Requested Date | F1: Impact Analysis | G1: Effort Estimate | H1: Approval Status | I1: Target Date | J1: Status | K1: Remarks
A2: CR-001 | B2: PRJ-001 | C2: Add transaction nickname field | D2: Business | E2: 46152 | F2: Medium UI/API impact | G2: 6 days | H2: Approved | I2: 46193 | J2: In Progress

Sheet UAT Testing Tracker
A1: Test Case ID | B1: Project ID | C1: Module | D1: Test Scenario | E1: Tester | F1: Test Date | G1: Result | H1: Defect ID | I1: Retest Status | J1: Remarks
A2: TC-001 | B2: PRJ-001 | C2: Payments | D2: Verify successful UPI payment | E2: QA Analyst 1 | F2: 46175 | G2: Fail | H2: ISS-001 | I2: Pending | J2: Timeout observed

Sheet Deployment Tracker
A1: Deployment ID | B1: Project ID | C1: Environment | D1: Deployment Date | E1: Version | F1: Deployed By | G1: Deployment Status | H1: Rollback Required | I1: Remarks
A2: DEP-001 | B2: PRJ-003 | C2: Production | D2: 46148 | E2: v1.0.0 | F2: Release Manager | G2: Completed | H2: No | I2: Successful release

Sheet Lists
A1: Project Status | B1: Task Status | C1: Milestone Status | D1: Issue Status | E1: Priority | F1: Risk Level | G1: Severity | H1: Approval Status | I1: Test Result | J1: Retest Status | K1: Deployment Status | L1: Yes No | M1: Phase | N1: Environment | O1: ImpactProbability | P1: People | Q1: Project IDs
A2: Not Started | B2: Not Started | C2: Not Started | D2: Open | E2: Low | F2: Low | G2: Low | H2: Pending | I2: Not Run | J2: Pending | K2: Planned | L2: Yes | M2: Initiation | N2: Development | O2: 1 | P2: Priya Nair | Q2: PRJ-001
A3: Active | B3: In Progress | C3: In Progress | D3: In Progress | E3: Medium | F3: Medium | G3: Medium | H3: Approved | I3: Pass | J3: Pass | K3: Successful | L3: No | M3: Requirements | N3: SIT | O3: 2 | P3: Arjun Patel | Q3: PRJ-002
A4: On Hold | B4: Blocked | C4: Completed | D4: Resolved | E4: High | F4: High | G4: High | H4: Rejected | I4: Fail | J4: Fail | K4: Failed | M4: Design | N4: UAT | O4: 3 | P4: Leena Das | Q4: PRJ-003
A5: Completed | B5: Completed | C5: Delayed | D5: Closed | E5: Critical | F5: Critical | G5: Critical | H5: Deferred | I5: Blocked | J5: Not Required | K5: Rolled Back | M5: Development | N5: Pre-Production | O5: 4 | P5: Nikhil Verma | Q5: PRJ-004
A6: Delayed | B6: Delayed | C6: At Risk | D6: Reopened | K6: Completed | M6: Testing | N6: Production | O6: 5 | P6: Imran Ali
A7: Cancelled | B7: Deferred | M7: UAT | N7: DR | P7: Riya Sen
M8: Deployment | P8: Sara Thomas
M9: Hypercare | P9: Ananya Rao
M10: Closed | P10: Rohit Menon
P11: Meera Iyer
P12: Vikram Shah
A20: Google Sheets note: after importing, use Data > Create a filter if filter arrows are not shown automatically. Dropdowns use inline list validation for better import compatibility.
