Workbook
Name Project_Status: 'Master_Management'!$A$4:$A$9
Name Task_Status: 'Master_Management'!$B$4:$B$9
Name Priority: 'Master_Management'!$C$4:$C$7
Name Department: 'Master_Management'!$D$4:$D$13
Name Role: 'Master_Management'!$E$4:$E$12
Name Availability: 'Master_Management'!$F$4:$F$7
Name Task_Category: 'Master_Management'!$G$4:$G$13
Name Health: 'Master_Management'!$H$4:$H$9
Name Risk_Type: 'Master_Management'!$I$4:$I$8
Name Severity: 'Master_Management'!$J$4:$J$7
Name Probability: 'Master_Management'!$K$4:$K$8
Name Currency: 'Master_Management'!$L$4:$L$9
Name UserIDs: 'Users'!$A$4:$A$200
Name ProjectIDs: 'Projects'!$A$4:$A$200
Name TaskIDs: 'Tasks'!$A$4:$A$300

Sheet Dashboard
A1: Project Management Dashboard
A2: Live summary powered by Projects, Tasks, Subtasks, Milestones, Risks, and Budget sheets
A4: =COUNTA(tblProjects[Project ID]) | D4: =COUNTIFS(tblProjects[Manual Status],"In Progress") | G4: =COUNTIFS(tblProjects[Manual Status],"Completed") | J4: =COUNTIFS(tblProjects[Auto Health],"Overdue")
A7: Total Projects | D7: Active Projects | G7: Completed Projects | J7: Overdue Projects
A8: =COUNTA(tblTasks[Task ID]) | D8: =COUNTIFS(tblTasks[Auto Health],"Overdue") | G8: =COUNTIFS(tblRisks[Manual Status],"<>Closed") | J8: =SUM(tblBudget[Cost Variance])
A11: Total Tasks | D11: Overdue Tasks | G11: Open Risks / Issues | J11: Budget Variance
A13: Task Status | B13: Count | D13: Project Health | E13: Count | G13: Priority | H13: Count | J13: User | K13: Active Tasks
A14: Not Started | B14: =COUNTIF(tblTasks[Manual Status],A14) | D14: On Track | E14: =COUNTIF(tblProjects[Auto Health],D14) | G14: Critical | H14: =COUNTIF(tblTasks[Priority],G14) | J14: =Users!B4 | K14: =Users!I4
A15: In Progress | B15: =COUNTIF(tblTasks[Manual Status],A15) | D15: At Risk | E15: =COUNTIF(tblProjects[Auto Health],D15) | G15: High | H15: =COUNTIF(tblTasks[Priority],G15) | J15: =Users!B5 | K15: =Users!I5
A16: Blocked | B16: =COUNTIF(tblTasks[Manual Status],A16) | D16: Overdue | E16: =COUNTIF(tblProjects[Auto Health],D16) | G16: Medium | H16: =COUNTIF(tblTasks[Priority],G16) | J16: =Users!B6 | K16: =Users!I6
A17: On Hold | B17: =COUNTIF(tblTasks[Manual Status],A17) | D17: Completed | E17: =COUNTIF(tblProjects[Auto Health],D17) | G17: Low | H17: =COUNTIF(tblTasks[Priority],G17) | J17: =Users!B7 | K17: =Users!I7
A18: Completed | B18: =COUNTIF(tblTasks[Manual Status],A18) | D18: Not Started | E18: =COUNTIF(tblProjects[Auto Health],D18) | J18: =Users!B8 | K18: =Users!I8
A19: Cancelled | B19: =COUNTIF(tblTasks[Manual Status],A19) | D19: Blocked | E19: =COUNTIF(tblProjects[Auto Health],D19)
A23: Upcoming Deadlines | G23: Overdue Work
A24: Task ID | B24: Project | C24: Task | D24: Owner | E24: Due Date | G24: Task ID | H24: Project | I24: Task | J24: Owner | K24: Days Late
A25: =IFERROR(INDEX(tblTasks[Task ID],1),"") | B25: =IFERROR(INDEX(tblTasks[Project ID],1),"") | C25: =IFERROR(INDEX(tblTasks[Task Name],1),"") | D25: =IFERROR(INDEX(tblTasks[Assigned User],1),"") | E25: =IFERROR(INDEX(tblTasks[Due Date],1),"") | G25: =IFERROR(INDEX(FILTER(tblTasks[Task ID],tblTasks[Auto Health]="Overdue"),1),"") | H25: =IFERROR(INDEX(FILTER(tblTasks[Project ID],tblTasks[Auto Health]="Overdue"),1),"") | I25: =IFERROR(INDEX(FILTER(tblTasks[Task Name],tblTasks[Auto Health]="Overdue"),1),"") | J25: =IFERROR(INDEX(FILTER(tblTasks[Assigned User],tblTasks[Auto Health]="Overdue"),1),"") | K25: =IFERROR(INDEX(FILTER(tblTasks[Days Late],tblTasks[Auto Health]="Overdue"),1),"")
A26: =IFERROR(INDEX(tblTasks[Task ID],2),"") | B26: =IFERROR(INDEX(tblTasks[Project ID],2),"") | C26: =IFERROR(INDEX(tblTasks[Task Name],2),"") | D26: =IFERROR(INDEX(tblTasks[Assigned User],2),"") | E26: =IFERROR(INDEX(tblTasks[Due Date],2),"") | G26: =IFERROR(INDEX(FILTER(tblTasks[Task ID],tblTasks[Auto Health]="Overdue"),2),"") | H26: =IFERROR(INDEX(FILTER(tblTasks[Project ID],tblTasks[Auto Health]="Overdue"),2),"") | I26: =IFERROR(INDEX(FILTER(tblTasks[Task Name],tblTasks[Auto Health]="Overdue"),2),"") | J26: =IFERROR(INDEX(FILTER(tblTasks[Assigned User],tblTasks[Auto Health]="Overdue"),2),"") | K26: =IFERROR(INDEX(FILTER(tblTasks[Days Late],tblTasks[Auto Health]="Overdue"),2),"")
A27: =IFERROR(INDEX(tblTasks[Task ID],3),"") | B27: =IFERROR(INDEX(tblTasks[Project ID],3),"") | C27: =IFERROR(INDEX(tblTasks[Task Name],3),"") | D27: =IFERROR(INDEX(tblTasks[Assigned User],3),"") | E27: =IFERROR(INDEX(tblTasks[Due Date],3),"") | G27: =IFERROR(INDEX(FILTER(tblTasks[Task ID],tblTasks[Auto Health]="Overdue"),3),"") | H27: =IFERROR(INDEX(FILTER(tblTasks[Project ID],tblTasks[Auto Health]="Overdue"),3),"") | I27: =IFERROR(INDEX(FILTER(tblTasks[Task Name],tblTasks[Auto Health]="Overdue"),3),"") | J27: =IFERROR(INDEX(FILTER(tblTasks[Assigned User],tblTasks[Auto Health]="Overdue"),3),"") | K27: =IFERROR(INDEX(FILTER(tblTasks[Days Late],tblTasks[Auto Health]="Overdue"),3),"")
A28: =IFERROR(INDEX(tblTasks[Task ID],4),"") | B28: =IFERROR(INDEX(tblTasks[Project ID],4),"") | C28: =IFERROR(INDEX(tblTasks[Task Name],4),"") | D28: =IFERROR(INDEX(tblTasks[Assigned User],4),"") | E28: =IFERROR(INDEX(tblTasks[Due Date],4),"") | G28: =IFERROR(INDEX(FILTER(tblTasks[Task ID],tblTasks[Auto Health]="Overdue"),4),"") | H28: =IFERROR(INDEX(FILTER(tblTasks[Project ID],tblTasks[Auto Health]="Overdue"),4),"") | I28: =IFERROR(INDEX(FILTER(tblTasks[Task Name],tblTasks[Auto Health]="Overdue"),4),"") | J28: =IFERROR(INDEX(FILTER(tblTasks[Assigned User],tblTasks[Auto Health]="Overdue"),4),"") | K28: =IFERROR(INDEX(FILTER(tblTasks[Days Late],tblTasks[Auto Health]="Overdue"),4),"")
A29: =IFERROR(INDEX(tblTasks[Task ID],5),"") | B29: =IFERROR(INDEX(tblTasks[Project ID],5),"") | C29: =IFERROR(INDEX(tblTasks[Task Name],5),"") | D29: =IFERROR(INDEX(tblTasks[Assigned User],5),"") | E29: =IFERROR(INDEX(tblTasks[Due Date],5),"") | G29: =IFERROR(INDEX(FILTER(tblTasks[Task ID],tblTasks[Auto Health]="Overdue"),5),"") | H29: =IFERROR(INDEX(FILTER(tblTasks[Project ID],tblTasks[Auto Health]="Overdue"),5),"") | I29: =IFERROR(INDEX(FILTER(tblTasks[Task Name],tblTasks[Auto Health]="Overdue"),5),"") | J29: =IFERROR(INDEX(FILTER(tblTasks[Assigned User],tblTasks[Auto Health]="Overdue"),5),"") | K29: =IFERROR(INDEX(FILTER(tblTasks[Days Late],tblTasks[Auto Health]="Overdue"),5),"")
A30: =IFERROR(INDEX(tblTasks[Task ID],6),"") | B30: =IFERROR(INDEX(tblTasks[Project ID],6),"") | C30: =IFERROR(INDEX(tblTasks[Task Name],6),"") | D30: =IFERROR(INDEX(tblTasks[Assigned User],6),"") | E30: =IFERROR(INDEX(tblTasks[Due Date],6),"") | G30: =IFERROR(INDEX(FILTER(tblTasks[Task ID],tblTasks[Auto Health]="Overdue"),6),"") | H30: =IFERROR(INDEX(FILTER(tblTasks[Project ID],tblTasks[Auto Health]="Overdue"),6),"") | I30: =IFERROR(INDEX(FILTER(tblTasks[Task Name],tblTasks[Auto Health]="Overdue"),6),"") | J30: =IFERROR(INDEX(FILTER(tblTasks[Assigned User],tblTasks[Auto Health]="Overdue"),6),"") | K30: =IFERROR(INDEX(FILTER(tblTasks[Days Late],tblTasks[Auto Health]="Overdue"),6),"")
A31: =IFERROR(INDEX(tblTasks[Task ID],7),"") | B31: =IFERROR(INDEX(tblTasks[Project ID],7),"") | C31: =IFERROR(INDEX(tblTasks[Task Name],7),"") | D31: =IFERROR(INDEX(tblTasks[Assigned User],7),"") | E31: =IFERROR(INDEX(tblTasks[Due Date],7),"") | G31: =IFERROR(INDEX(FILTER(tblTasks[Task ID],tblTasks[Auto Health]="Overdue"),7),"") | H31: =IFERROR(INDEX(FILTER(tblTasks[Project ID],tblTasks[Auto Health]="Overdue"),7),"") | I31: =IFERROR(INDEX(FILTER(tblTasks[Task Name],tblTasks[Auto Health]="Overdue"),7),"") | J31: =IFERROR(INDEX(FILTER(tblTasks[Assigned User],tblTasks[Auto Health]="Overdue"),7),"") | K31: =IFERROR(INDEX(FILTER(tblTasks[Days Late],tblTasks[Auto Health]="Overdue"),7),"")

Sheet Master_Management
A1: Master Management
A2: Central dropdown values used throughout the workbook
A3: Project_Status | B3: Task_Status | C3: Priority | D3: Department | E3: Role | F3: Availability | G3: Task_Category | H3: Health | I3: Risk_Type | J3: Severity | K3: Probability | L3: Currency
A4: Not Started | B4: Not Started | C4: Critical | D4: PMO | E4: Project Manager | F4: Available | G4: Requirement | H4: On Track | I4: Risk | J4: Critical | K4: Very High | L4: INR
A5: Planning | B5: In Progress | C5: High | D5: Engineering | E5: Business Analyst | F5: Busy | G5: Design | H5: At Risk | I5: Issue | J5: High | K5: High | L5: USD
A6: In Progress | B6: Blocked | C6: Medium | D6: Design | E6: Developer | F6: On Leave | G6: Development | H6: Overdue | I6: Decision | J6: Medium | K6: Medium | L6: EUR
A7: On Hold | B7: On Hold | C7: Low | D7: QA | E7: Designer | F7: Inactive | G7: Testing | H7: Completed | I7: Dependency | J7: Low | K7: Low | L7: GBP
A8: Completed | B8: Completed | D8: Operations | E8: QA Engineer | G8: Deployment | H8: Not Started | I8: Assumption | K8: Very Low | L8: AED
A9: Cancelled | B9: Cancelled | D9: Finance | E9: DevOps | G9: Documentation | H9: Blocked | L9: SGD
D10: Sales | E10: Stakeholder | G10: Meeting
D11: Support | E11: Approver | G11: Review
D12: HR | E12: Finance Owner | G12: Support
D13: Legal | G13: Research

Sheet Settings
A1: Settings
A2: Workbook-level configuration
A4: Company Name | B4: Your Company
A5: Reporting Date | B5: =TODAY()
A6: Default Currency | B6: INR
A7: Default Working Days | B7: Mon-Fri
A8: Dashboard Version | B8: 1.0
A9: Prepared By | B9: PMO

Sheet Users
A1: Users
A2: Team members, capacity, and calculated workload
A3: User ID | B3: Full Name | C3: Email | D3: Department | E3: Role | F3: Availability | G3: Capacity Hours/Week | H3: Assigned Tasks | I3: Active Tasks | J3: Overdue Tasks | K3: Utilization % | L3: Notes
A4: USR-001 | B4: Aarav Sharma | C4: aarav@example.com | D4: PMO | E4: Project Manager | F4: Available | G4: 40 | H4: =COUNTIF(tblTasks[Assigned User],[@[User ID]]) | I4: =COUNTIFS(tblTasks[Assigned User],[@[User ID]],tblTasks[Manual Status],"<>Completed",tblTasks[Manual Status],"<>Cancelled") | J4: =COUNTIFS(tblTasks[Assigned User],[@[User ID]],tblTasks[Auto Health],"Overdue") | K4: =IFERROR([@[Active Tasks]]*8/[@[Capacity Hours/Week]],0) | L4: Program lead
A5: USR-002 | B5: Meera Iyer | C5: meera@example.com | D5: Engineering | E5: Developer | F5: Busy | G5: 40 | H5: =COUNTIF(tblTasks[Assigned User],[@[User ID]]) | I5: =COUNTIFS(tblTasks[Assigned User],[@[User ID]],tblTasks[Manual Status],"<>Completed",tblTasks[Manual Status],"<>Cancelled") | J5: =COUNTIFS(tblTasks[Assigned User],[@[User ID]],tblTasks[Auto Health],"Overdue") | K5: =IFERROR([@[Active Tasks]]*8/[@[Capacity Hours/Week]],0) | L5: Backend
A6: USR-003 | B6: Rohan Gupta | C6: rohan@example.com | D6: Design | E6: Designer | F6: Available | G6: 35 | H6: =COUNTIF(tblTasks[Assigned User],[@[User ID]]) | I6: =COUNTIFS(tblTasks[Assigned User],[@[User ID]],tblTasks[Manual Status],"<>Completed",tblTasks[Manual Status],"<>Cancelled") | J6: =COUNTIFS(tblTasks[Assigned User],[@[User ID]],tblTasks[Auto Health],"Overdue") | K6: =IFERROR([@[Active Tasks]]*8/[@[Capacity Hours/Week]],0) | L6: UX/UI
A7: USR-004 | B7: Nisha Rao | C7: nisha@example.com | D7: QA | E7: QA Engineer | F7: Available | G7: 40 | H7: =COUNTIF(tblTasks[Assigned User],[@[User ID]]) | I7: =COUNTIFS(tblTasks[Assigned User],[@[User ID]],tblTasks[Manual Status],"<>Completed",tblTasks[Manual Status],"<>Cancelled") | J7: =COUNTIFS(tblTasks[Assigned User],[@[User ID]],tblTasks[Auto Health],"Overdue") | K7: =IFERROR([@[Active Tasks]]*8/[@[Capacity Hours/Week]],0) | L7: Testing
A8: USR-005 | B8: Vikram Menon | C8: vikram@example.com | D8: Operations | E8: DevOps | F8: Busy | G8: 40 | H8: =COUNTIF(tblTasks[Assigned User],[@[User ID]]) | I8: =COUNTIFS(tblTasks[Assigned User],[@[User ID]],tblTasks[Manual Status],"<>Completed",tblTasks[Manual Status],"<>Cancelled") | J8: =COUNTIFS(tblTasks[Assigned User],[@[User ID]],tblTasks[Auto Health],"Overdue") | K8: =IFERROR([@[Active Tasks]]*8/[@[Capacity Hours/Week]],0) | L8: Release

Sheet Projects
A1: Projects
A2: Portfolio-level project control and calculated health
A3: Project ID | B3: Project Name | C3: Project Manager | D3: Client / Department | E3: Start Date | F3: End Date | G3: Manual Status | H3: Priority | I3: Budget | J3: Actual Cost | K3: Task Count | L3: Completed Tasks | M3: Progress % | N3: Auto Health | O3: Days Remaining | P3: Notes
A4: PRJ-001 | B4: ERP Modernization | C4: USR-001 | D4: Finance | E4: 46162 | F4: 46227 | G4: In Progress | H4: Critical | I4: 500000 | J4: 180000 | K4: =COUNTIF(tblTasks[Project ID],[@[Project ID]]) | L4: =COUNTIFS(tblTasks[Project ID],[@[Project ID]],tblTasks[Manual Status],"Completed") | M4: =IFERROR([@[Completed Tasks]]/[@[Task Count]],0) | N4: =IF([@[Manual Status]]="Completed","Completed",IF(COUNTIFS(tblTasks[Project ID],[@[Project ID]],tblTasks[Auto Health],"Overdue")>0,"Overdue",IF(COUNTIFS(tblTasks[Project ID],[@[Project ID]],tblTasks[Auto Health],"At Risk")>0,"At Risk",IF([@[Task Count]]=0,"Not Started","On Track")))) | O4: =MAX(0,[@[End Date]]-TODAY()) | P4: Core transformation
A5: PRJ-002 | B5: Customer Portal | C5: USR-001 | D5: Sales | E5: 46172 | F5: 46212 | G5: In Progress | H5: High | I5: 220000 | J5: 65000 | K5: =COUNTIF(tblTasks[Project ID],[@[Project ID]]) | L5: =COUNTIFS(tblTasks[Project ID],[@[Project ID]],tblTasks[Manual Status],"Completed") | M5: =IFERROR([@[Completed Tasks]]/[@[Task Count]],0) | N5: =IF([@[Manual Status]]="Completed","Completed",IF(COUNTIFS(tblTasks[Project ID],[@[Project ID]],tblTasks[Auto Health],"Overdue")>0,"Overdue",IF(COUNTIFS(tblTasks[Project ID],[@[Project ID]],tblTasks[Auto Health],"At Risk")>0,"At Risk",IF([@[Task Count]]=0,"Not Started","On Track")))) | O5: =MAX(0,[@[End Date]]-TODAY()) | P5: Self-service portal
A6: PRJ-003 | B6: Data Quality Program | C6: USR-001 | D6: Operations | E6: 46122 | F6: 46192 | G6: Planning | H6: Medium | I6: 90000 | J6: 25000 | K6: =COUNTIF(tblTasks[Project ID],[@[Project ID]]) | L6: =COUNTIFS(tblTasks[Project ID],[@[Project ID]],tblTasks[Manual Status],"Completed") | M6: =IFERROR([@[Completed Tasks]]/[@[Task Count]],0) | N6: =IF([@[Manual Status]]="Completed","Completed",IF(COUNTIFS(tblTasks[Project ID],[@[Project ID]],tblTasks[Auto Health],"Overdue")>0,"Overdue",IF(COUNTIFS(tblTasks[Project ID],[@[Project ID]],tblTasks[Auto Health],"At Risk")>0,"At Risk",IF([@[Task Count]]=0,"Not Started","On Track")))) | O6: =MAX(0,[@[End Date]]-TODAY()) | P6: Data governance

Sheet Tasks
A1: Tasks
A2: Task management with dependencies, status dropdowns, progress, and auto health
A3: Task ID | B3: Project ID | C3: Task Name | D3: Category | E3: Assigned User | F3: Start Date | G3: Due Date | H3: Manual Status | I3: Priority | J3: Progress % | K3: Depends On Task ID | L3: Blocked? | M3: Blocking Reason | N3: Subtask Count | O3: Completed Subtasks | P3: Auto Health | Q3: Days Late | R3: Notes
A4: TSK-001 | B4: PRJ-001 | C4: Requirements workshop | D4: Requirement | E4: USR-001 | F4: 46164 | G4: 46177 | H4: Completed | I4: High | J4: 1 | N4: =COUNTIF(tblSubtasks[Parent Task ID],[@[Task ID]]) | O4: =COUNTIFS(tblSubtasks[Parent Task ID],[@[Task ID]],tblSubtasks[Manual Status],"Completed") | P4: =IF([@[Manual Status]]="Completed","Completed",IF([@[Manual Status]]="Blocked","Blocked",IF(AND([@[Due Date]]<TODAY(),[@[Manual Status]]<>"Completed",[@[Manual Status]]<>"Cancelled"),"Overdue",IF(AND([@[Due Date]]-TODAY()<=3,[@[Progress %]]<0.8),"At Risk",IF([@[Progress %]]=0,"Not Started","On Track"))))) | Q4: =IF(AND([@[Due Date]]<TODAY(),[@[Manual Status]]<>"Completed"),TODAY()-[@[Due Date]],0) | R4: Done
A5: TSK-002 | B5: PRJ-001 | C5: Integration design | D5: Design | E5: USR-003 | F5: 46174 | G5: 46187 | H5: In Progress | I5: Critical | J5: 0.55 | K5: TSK-001 | L5: No | N5: =COUNTIF(tblSubtasks[Parent Task ID],[@[Task ID]]) | O5: =COUNTIFS(tblSubtasks[Parent Task ID],[@[Task ID]],tblSubtasks[Manual Status],"Completed") | P5: =IF([@[Manual Status]]="Completed","Completed",IF([@[Manual Status]]="Blocked","Blocked",IF(AND([@[Due Date]]<TODAY(),[@[Manual Status]]<>"Completed",[@[Manual Status]]<>"Cancelled"),"Overdue",IF(AND([@[Due Date]]-TODAY()<=3,[@[Progress %]]<0.8),"At Risk",IF([@[Progress %]]=0,"Not Started","On Track"))))) | Q5: =IF(AND([@[Due Date]]<TODAY(),[@[Manual Status]]<>"Completed"),TODAY()-[@[Due Date]],0) | R5: API mapping
A6: TSK-003 | B6: PRJ-001 | C6: Build Oracle connector | D6: Development | E6: USR-002 | F6: 46179 | G6: 46200 | H6: In Progress | I6: Critical | J6: 0.25 | K6: TSK-002 | L6: No | N6: =COUNTIF(tblSubtasks[Parent Task ID],[@[Task ID]]) | O6: =COUNTIFS(tblSubtasks[Parent Task ID],[@[Task ID]],tblSubtasks[Manual Status],"Completed") | P6: =IF([@[Manual Status]]="Completed","Completed",IF([@[Manual Status]]="Blocked","Blocked",IF(AND([@[Due Date]]<TODAY(),[@[Manual Status]]<>"Completed",[@[Manual Status]]<>"Cancelled"),"Overdue",IF(AND([@[Due Date]]-TODAY()<=3,[@[Progress %]]<0.8),"At Risk",IF([@[Progress %]]=0,"Not Started","On Track"))))) | Q6: =IF(AND([@[Due Date]]<TODAY(),[@[Manual Status]]<>"Completed"),TODAY()-[@[Due Date]],0) | R6: Database connector
A7: TSK-004 | B7: PRJ-002 | C7: Portal wireframes | D7: Design | E7: USR-003 | F7: 46173 | G7: 46184 | H7: In Progress | I7: High | J7: 0.75 | L7: No | N7: =COUNTIF(tblSubtasks[Parent Task ID],[@[Task ID]]) | O7: =COUNTIFS(tblSubtasks[Parent Task ID],[@[Task ID]],tblSubtasks[Manual Status],"Completed") | P7: =IF([@[Manual Status]]="Completed","Completed",IF([@[Manual Status]]="Blocked","Blocked",IF(AND([@[Due Date]]<TODAY(),[@[Manual Status]]<>"Completed",[@[Manual Status]]<>"Cancelled"),"Overdue",IF(AND([@[Due Date]]-TODAY()<=3,[@[Progress %]]<0.8),"At Risk",IF([@[Progress %]]=0,"Not Started","On Track"))))) | Q7: =IF(AND([@[Due Date]]<TODAY(),[@[Manual Status]]<>"Completed"),TODAY()-[@[Due Date]],0) | R7: UI design
A8: TSK-005 | B8: PRJ-002 | C8: Authentication module | D8: Development | E8: USR-002 | F8: 46178 | G8: 46202 | H8: Not Started | I8: High | J8: 0 | K8: TSK-004 | L8: Yes | M8: Waiting for security review | N8: =COUNTIF(tblSubtasks[Parent Task ID],[@[Task ID]]) | O8: =COUNTIFS(tblSubtasks[Parent Task ID],[@[Task ID]],tblSubtasks[Manual Status],"Completed") | P8: =IF([@[Manual Status]]="Completed","Completed",IF([@[Manual Status]]="Blocked","Blocked",IF(AND([@[Due Date]]<TODAY(),[@[Manual Status]]<>"Completed",[@[Manual Status]]<>"Cancelled"),"Overdue",IF(AND([@[Due Date]]-TODAY()<=3,[@[Progress %]]<0.8),"At Risk",IF([@[Progress %]]=0,"Not Started","On Track"))))) | Q8: =IF(AND([@[Due Date]]<TODAY(),[@[Manual Status]]<>"Completed"),TODAY()-[@[Due Date]],0) | R8: SSO
A9: TSK-006 | B9: PRJ-003 | C9: Data profiling | D9: Research | E9: USR-004 | F9: 46132 | G9: 46175 | H9: In Progress | I9: Medium | J9: 0.6 | L9: No | N9: =COUNTIF(tblSubtasks[Parent Task ID],[@[Task ID]]) | O9: =COUNTIFS(tblSubtasks[Parent Task ID],[@[Task ID]],tblSubtasks[Manual Status],"Completed") | P9: =IF([@[Manual Status]]="Completed","Completed",IF([@[Manual Status]]="Blocked","Blocked",IF(AND([@[Due Date]]<TODAY(),[@[Manual Status]]<>"Completed",[@[Manual Status]]<>"Cancelled"),"Overdue",IF(AND([@[Due Date]]-TODAY()<=3,[@[Progress %]]<0.8),"At Risk",IF([@[Progress %]]=0,"Not Started","On Track"))))) | Q9: =IF(AND([@[Due Date]]<TODAY(),[@[Manual Status]]<>"Completed"),TODAY()-[@[Due Date]],0) | R9: Quality baseline
A10: TSK-007 | B10: PRJ-003 | C10: Remediation plan | D10: Documentation | E10: USR-001 | F10: 46177 | G10: 46189 | H10: Not Started | I10: Medium | J10: 0 | K10: TSK-006 | L10: No | N10: =COUNTIF(tblSubtasks[Parent Task ID],[@[Task ID]]) | O10: =COUNTIFS(tblSubtasks[Parent Task ID],[@[Task ID]],tblSubtasks[Manual Status],"Completed") | P10: =IF([@[Manual Status]]="Completed","Completed",IF([@[Manual Status]]="Blocked","Blocked",IF(AND([@[Due Date]]<TODAY(),[@[Manual Status]]<>"Completed",[@[Manual Status]]<>"Cancelled"),"Overdue",IF(AND([@[Due Date]]-TODAY()<=3,[@[Progress %]]<0.8),"At Risk",IF([@[Progress %]]=0,"Not Started","On Track"))))) | Q10: =IF(AND([@[Due Date]]<TODAY(),[@[Manual Status]]<>"Completed"),TODAY()-[@[Due Date]],0) | R10: Action plan

Sheet Subtasks
A1: Subtasks
A2: Detailed execution breakdown under tasks
A3: Subtask ID | B3: Parent Task ID | C3: Project ID | D3: Subtask Name | E3: Assigned User | F3: Due Date | G3: Manual Status | H3: Priority | I3: Completion % | J3: Auto Health | K3: Days Late | L3: Notes
A4: SUB-001 | B4: TSK-002 | C4: PRJ-001 | D4: Confirm interfaces | E4: USR-003 | F4: 46185 | G4: In Progress | H4: Critical | I4: 0.5 | J4: =IF([@[Manual Status]]="Completed","Completed",IF([@[Manual Status]]="Blocked","Blocked",IF(AND([@[Due Date]]<TODAY(),[@[Manual Status]]<>"Completed"),"Overdue",IF(AND([@[Due Date]]-TODAY()<=3,[@[Completion %]]<0.8),"At Risk",IF([@[Completion %]]=0,"Not Started","On Track"))))) | K4: =IF(AND([@[Due Date]]<TODAY(),[@[Manual Status]]<>"Completed"),TODAY()-[@[Due Date]],0) | L4: Interface list
A5: SUB-002 | B5: TSK-003 | C5: PRJ-001 | D5: Create connection pool | E5: USR-002 | F5: 46192 | G5: Not Started | H5: High | I5: 0 | J5: =IF([@[Manual Status]]="Completed","Completed",IF([@[Manual Status]]="Blocked","Blocked",IF(AND([@[Due Date]]<TODAY(),[@[Manual Status]]<>"Completed"),"Overdue",IF(AND([@[Due Date]]-TODAY()<=3,[@[Completion %]]<0.8),"At Risk",IF([@[Completion %]]=0,"Not Started","On Track"))))) | K5: =IF(AND([@[Due Date]]<TODAY(),[@[Manual Status]]<>"Completed"),TODAY()-[@[Due Date]],0) | L5: Code task
A6: SUB-003 | B6: TSK-004 | C6: PRJ-002 | D6: Mobile wireframes | E6: USR-003 | F6: 46183 | G6: Completed | H6: High | I6: 1 | J6: =IF([@[Manual Status]]="Completed","Completed",IF([@[Manual Status]]="Blocked","Blocked",IF(AND([@[Due Date]]<TODAY(),[@[Manual Status]]<>"Completed"),"Overdue",IF(AND([@[Due Date]]-TODAY()<=3,[@[Completion %]]<0.8),"At Risk",IF([@[Completion %]]=0,"Not Started","On Track"))))) | K6: =IF(AND([@[Due Date]]<TODAY(),[@[Manual Status]]<>"Completed"),TODAY()-[@[Due Date]],0) | L6: Approved
A7: SUB-004 | B7: TSK-005 | C7: PRJ-002 | D7: SSO spike | E7: USR-002 | F7: 46188 | G7: Blocked | H7: High | I7: 0.1 | J7: =IF([@[Manual Status]]="Completed","Completed",IF([@[Manual Status]]="Blocked","Blocked",IF(AND([@[Due Date]]<TODAY(),[@[Manual Status]]<>"Completed"),"Overdue",IF(AND([@[Due Date]]-TODAY()<=3,[@[Completion %]]<0.8),"At Risk",IF([@[Completion %]]=0,"Not Started","On Track"))))) | K7: =IF(AND([@[Due Date]]<TODAY(),[@[Manual Status]]<>"Completed"),TODAY()-[@[Due Date]],0) | L7: Security dependency
A8: SUB-005 | B8: TSK-006 | C8: PRJ-003 | D8: Profile customer table | E8: USR-004 | F8: 46178 | G8: In Progress | H8: Medium | I8: 0.7 | J8: =IF([@[Manual Status]]="Completed","Completed",IF([@[Manual Status]]="Blocked","Blocked",IF(AND([@[Due Date]]<TODAY(),[@[Manual Status]]<>"Completed"),"Overdue",IF(AND([@[Due Date]]-TODAY()<=3,[@[Completion %]]<0.8),"At Risk",IF([@[Completion %]]=0,"Not Started","On Track"))))) | K8: =IF(AND([@[Due Date]]<TODAY(),[@[Manual Status]]<>"Completed"),TODAY()-[@[Due Date]],0) | L8: Late sample

Sheet Milestones
A1: Milestones
A2: Major delivery checkpoints
A3: Milestone ID | B3: Project ID | C3: Milestone Name | D3: Owner | E3: Target Date | F3: Actual Date | G3: Manual Status | H3: Priority | I3: Auto Health | J3: Notes
A4: MS-001 | B4: PRJ-001 | C4: Architecture sign-off | D4: USR-001 | E4: 46194 | G4: In Progress | H4: Critical | I4: =IF([@[Manual Status]]="Completed","Completed",IF(AND([@[Target Date]]<TODAY(),[@[Manual Status]]<>"Completed"),"Overdue",IF([@[Target Date]]-TODAY()<=5,"At Risk","On Track"))) | J4: Architecture board
A5: MS-002 | B5: PRJ-002 | C5: Portal beta | D5: USR-001 | E5: 46207 | G5: Not Started | H5: High | I5: =IF([@[Manual Status]]="Completed","Completed",IF(AND([@[Target Date]]<TODAY(),[@[Manual Status]]<>"Completed"),"Overdue",IF([@[Target Date]]-TODAY()<=5,"At Risk","On Track"))) | J5: Beta release
A6: MS-003 | B6: PRJ-003 | C6: DQ baseline approved | D6: USR-004 | E6: 46186 | G6: In Progress | H6: Medium | I6: =IF([@[Manual Status]]="Completed","Completed",IF(AND([@[Target Date]]<TODAY(),[@[Manual Status]]<>"Completed"),"Overdue",IF([@[Target Date]]-TODAY()<=5,"At Risk","On Track"))) | J6: Data owners

Sheet Risks_Issues
A1: Risks & Issues
A2: Risk, issue, dependency, decision, and assumption register
A3: Item ID | B3: Project ID | C3: Type | D3: Title | E3: Owner | F3: Severity | G3: Probability | H3: Impact | I3: Mitigation / Action | J3: Due Date | K3: Manual Status | L3: Auto Health | M3: Notes
A4: RI-001 | B4: PRJ-001 | C4: Risk | D4: Legacy schema unknowns | E4: USR-002 | F4: High | G4: Medium | H4: Migration complexity | I4: Run profiling and spike | J4: 46196 | K4: Open | L4: =IF([@[Manual Status]]="Closed","Completed",IF(AND([@[Due Date]]<TODAY(),[@[Manual Status]]<>"Closed"),"Overdue",IF([@[Severity]]="Critical","At Risk","On Track")))
A5: RI-002 | B5: PRJ-002 | C5: Dependency | D5: Security review | E5: USR-001 | F5: High | G5: High | H5: Blocks auth module | I5: Schedule security workshop | J5: 46185 | K5: Open | L5: =IF([@[Manual Status]]="Closed","Completed",IF(AND([@[Due Date]]<TODAY(),[@[Manual Status]]<>"Closed"),"Overdue",IF([@[Severity]]="Critical","At Risk","On Track")))
A6: RI-003 | B6: PRJ-003 | C6: Issue | D6: Missing source ownership | E6: USR-004 | F6: Medium | G6: High | H6: Slow remediation | I6: Assign data stewards | J6: 46180 | K6: Open | L6: =IF([@[Manual Status]]="Closed","Completed",IF(AND([@[Due Date]]<TODAY(),[@[Manual Status]]<>"Closed"),"Overdue",IF([@[Severity]]="Critical","At Risk","On Track")))

Sheet Budget_Effort
A1: Budget & Effort
A2: Planned versus actual cost and hours
A3: Budget ID | B3: Project ID | C3: Cost Category | D3: Planned Hours | E3: Actual Hours | F3: Hours Variance | G3: Planned Cost | H3: Actual Cost | I3: Cost Variance | J3: Variance % | K3: Owner | L3: Notes
A4: BUD-001 | B4: PRJ-001 | C4: Development | D4: 1200 | E4: 430 | F4: =[@[Actual Hours]]-[@[Planned Hours]] | G4: 500000 | H4: 180000 | I4: =[@[Actual Cost]]-[@[Planned Cost]] | J4: =IFERROR([@[Cost Variance]]/[@[Planned Cost]],0) | K4: USR-001 | L4: Main build
A5: BUD-002 | B5: PRJ-002 | C5: Development | D5: 650 | E5: 190 | F5: =[@[Actual Hours]]-[@[Planned Hours]] | G5: 220000 | H5: 65000 | I5: =[@[Actual Cost]]-[@[Planned Cost]] | J5: =IFERROR([@[Cost Variance]]/[@[Planned Cost]],0) | K5: USR-001 | L5: Portal
A6: BUD-003 | B6: PRJ-003 | C6: Analysis | D6: 300 | E6: 95 | F6: =[@[Actual Hours]]-[@[Planned Hours]] | G6: 90000 | H6: 25000 | I6: =[@[Actual Cost]]-[@[Planned Cost]] | J6: =IFERROR([@[Cost Variance]]/[@[Planned Cost]],0) | K6: USR-004 | L6: DQ

Sheet Reports
A1: Reports
A2: Formula-driven report sections
A4: Project Summary
A5: Project ID | B5: Project Name | C5: Manual Status | D5: Auto Health | E5: Progress % | F5: Budget | G5: Actual Cost
A6: =IFERROR(INDEX(tblProjects[Project ID],1),"") | B6: =IFERROR(INDEX(tblProjects[Project Name],1),"") | C6: =IFERROR(INDEX(tblProjects[Manual Status],1),"") | D6: =IFERROR(INDEX(tblProjects[Auto Health],1),"") | E6: =IFERROR(INDEX(tblProjects[Progress %],1),"") | F6: =IFERROR(INDEX(tblProjects[Budget],1),"") | G6: =IFERROR(INDEX(tblProjects[Actual Cost],1),"")
A7: =IFERROR(INDEX(tblProjects[Project ID],2),"") | B7: =IFERROR(INDEX(tblProjects[Project Name],2),"") | C7: =IFERROR(INDEX(tblProjects[Manual Status],2),"") | D7: =IFERROR(INDEX(tblProjects[Auto Health],2),"") | E7: =IFERROR(INDEX(tblProjects[Progress %],2),"") | F7: =IFERROR(INDEX(tblProjects[Budget],2),"") | G7: =IFERROR(INDEX(tblProjects[Actual Cost],2),"")
A8: =IFERROR(INDEX(tblProjects[Project ID],3),"") | B8: =IFERROR(INDEX(tblProjects[Project Name],3),"") | C8: =IFERROR(INDEX(tblProjects[Manual Status],3),"") | D8: =IFERROR(INDEX(tblProjects[Auto Health],3),"") | E8: =IFERROR(INDEX(tblProjects[Progress %],3),"") | F8: =IFERROR(INDEX(tblProjects[Budget],3),"") | G8: =IFERROR(INDEX(tblProjects[Actual Cost],3),"")
A9: =IFERROR(INDEX(tblProjects[Project ID],4),"") | B9: =IFERROR(INDEX(tblProjects[Project Name],4),"") | C9: =IFERROR(INDEX(tblProjects[Manual Status],4),"") | D9: =IFERROR(INDEX(tblProjects[Auto Health],4),"") | E9: =IFERROR(INDEX(tblProjects[Progress %],4),"") | F9: =IFERROR(INDEX(tblProjects[Budget],4),"") | G9: =IFERROR(INDEX(tblProjects[Actual Cost],4),"")
A10: =IFERROR(INDEX(tblProjects[Project ID],5),"") | B10: =IFERROR(INDEX(tblProjects[Project Name],5),"") | C10: =IFERROR(INDEX(tblProjects[Manual Status],5),"") | D10: =IFERROR(INDEX(tblProjects[Auto Health],5),"") | E10: =IFERROR(INDEX(tblProjects[Progress %],5),"") | F10: =IFERROR(INDEX(tblProjects[Budget],5),"") | G10: =IFERROR(INDEX(tblProjects[Actual Cost],5),"")
A11: =IFERROR(INDEX(tblProjects[Project ID],6),"") | B11: =IFERROR(INDEX(tblProjects[Project Name],6),"") | C11: =IFERROR(INDEX(tblProjects[Manual Status],6),"") | D11: =IFERROR(INDEX(tblProjects[Auto Health],6),"") | E11: =IFERROR(INDEX(tblProjects[Progress %],6),"") | F11: =IFERROR(INDEX(tblProjects[Budget],6),"") | G11: =IFERROR(INDEX(tblProjects[Actual Cost],6),"")
A12: =IFERROR(INDEX(tblProjects[Project ID],7),"") | B12: =IFERROR(INDEX(tblProjects[Project Name],7),"") | C12: =IFERROR(INDEX(tblProjects[Manual Status],7),"") | D12: =IFERROR(INDEX(tblProjects[Auto Health],7),"") | E12: =IFERROR(INDEX(tblProjects[Progress %],7),"") | F12: =IFERROR(INDEX(tblProjects[Budget],7),"") | G12: =IFERROR(INDEX(tblProjects[Actual Cost],7),"")
A13: =IFERROR(INDEX(tblProjects[Project ID],8),"") | B13: =IFERROR(INDEX(tblProjects[Project Name],8),"") | C13: =IFERROR(INDEX(tblProjects[Manual Status],8),"") | D13: =IFERROR(INDEX(tblProjects[Auto Health],8),"") | E13: =IFERROR(INDEX(tblProjects[Progress %],8),"") | F13: =IFERROR(INDEX(tblProjects[Budget],8),"") | G13: =IFERROR(INDEX(tblProjects[Actual Cost],8),"")
A14: =IFERROR(INDEX(tblProjects[Project ID],9),"") | B14: =IFERROR(INDEX(tblProjects[Project Name],9),"") | C14: =IFERROR(INDEX(tblProjects[Manual Status],9),"") | D14: =IFERROR(INDEX(tblProjects[Auto Health],9),"") | E14: =IFERROR(INDEX(tblProjects[Progress %],9),"") | F14: =IFERROR(INDEX(tblProjects[Budget],9),"") | G14: =IFERROR(INDEX(tblProjects[Actual Cost],9),"")
A15: User ID | B15: Name | C15: Department | D15: Availability | E15: Active Tasks | F15: Overdue Tasks | G15: Utilization %
A16: =IFERROR(INDEX(tblUsers[User ID],1),"") | B16: =IFERROR(INDEX(tblUsers[Full Name],1),"") | C16: =IFERROR(INDEX(tblUsers[Department],1),"") | D16: =IFERROR(INDEX(tblUsers[Availability],1),"") | E16: =IFERROR(INDEX(tblUsers[Active Tasks],1),"") | F16: =IFERROR(INDEX(tblUsers[Overdue Tasks],1),"") | G16: =IFERROR(INDEX(tblUsers[Utilization %],1),"")
A17: =IFERROR(INDEX(tblUsers[User ID],2),"") | B17: =IFERROR(INDEX(tblUsers[Full Name],2),"") | C17: =IFERROR(INDEX(tblUsers[Department],2),"") | D17: =IFERROR(INDEX(tblUsers[Availability],2),"") | E17: =IFERROR(INDEX(tblUsers[Active Tasks],2),"") | F17: =IFERROR(INDEX(tblUsers[Overdue Tasks],2),"") | G17: =IFERROR(INDEX(tblUsers[Utilization %],2),"")
A18: =IFERROR(INDEX(tblUsers[User ID],3),"") | B18: =IFERROR(INDEX(tblUsers[Full Name],3),"") | C18: =IFERROR(INDEX(tblUsers[Department],3),"") | D18: =IFERROR(INDEX(tblUsers[Availability],3),"") | E18: =IFERROR(INDEX(tblUsers[Active Tasks],3),"") | F18: =IFERROR(INDEX(tblUsers[Overdue Tasks],3),"") | G18: =IFERROR(INDEX(tblUsers[Utilization %],3),"")
A19: =IFERROR(INDEX(tblUsers[User ID],4),"") | B19: =IFERROR(INDEX(tblUsers[Full Name],4),"") | C19: =IFERROR(INDEX(tblUsers[Department],4),"") | D19: =IFERROR(INDEX(tblUsers[Availability],4),"") | E19: =IFERROR(INDEX(tblUsers[Active Tasks],4),"") | F19: =IFERROR(INDEX(tblUsers[Overdue Tasks],4),"") | G19: =IFERROR(INDEX(tblUsers[Utilization %],4),"")
A20: =IFERROR(INDEX(tblUsers[User ID],5),"") | B20: =IFERROR(INDEX(tblUsers[Full Name],5),"") | C20: =IFERROR(INDEX(tblUsers[Department],5),"") | D20: =IFERROR(INDEX(tblUsers[Availability],5),"") | E20: =IFERROR(INDEX(tblUsers[Active Tasks],5),"") | F20: =IFERROR(INDEX(tblUsers[Overdue Tasks],5),"") | G20: =IFERROR(INDEX(tblUsers[Utilization %],5),"")
A21: =IFERROR(INDEX(tblUsers[User ID],6),"") | B21: =IFERROR(INDEX(tblUsers[Full Name],6),"") | C21: =IFERROR(INDEX(tblUsers[Department],6),"") | D21: =IFERROR(INDEX(tblUsers[Availability],6),"") | E21: =IFERROR(INDEX(tblUsers[Active Tasks],6),"") | F21: =IFERROR(INDEX(tblUsers[Overdue Tasks],6),"") | G21: =IFERROR(INDEX(tblUsers[Utilization %],6),"")
A22: =IFERROR(INDEX(tblUsers[User ID],7),"") | B22: =IFERROR(INDEX(tblUsers[Full Name],7),"") | C22: =IFERROR(INDEX(tblUsers[Department],7),"") | D22: =IFERROR(INDEX(tblUsers[Availability],7),"") | E22: =IFERROR(INDEX(tblUsers[Active Tasks],7),"") | F22: =IFERROR(INDEX(tblUsers[Overdue Tasks],7),"") | G22: =IFERROR(INDEX(tblUsers[Utilization %],7),"")
A23: =IFERROR(INDEX(tblUsers[User ID],8),"") | B23: =IFERROR(INDEX(tblUsers[Full Name],8),"") | C23: =IFERROR(INDEX(tblUsers[Department],8),"") | D23: =IFERROR(INDEX(tblUsers[Availability],8),"") | E23: =IFERROR(INDEX(tblUsers[Active Tasks],8),"") | F23: =IFERROR(INDEX(tblUsers[Overdue Tasks],8),"") | G23: =IFERROR(INDEX(tblUsers[Utilization %],8),"")
A24: =IFERROR(INDEX(tblUsers[User ID],9),"") | B24: =IFERROR(INDEX(tblUsers[Full Name],9),"") | C24: =IFERROR(INDEX(tblUsers[Department],9),"") | D24: =IFERROR(INDEX(tblUsers[Availability],9),"") | E24: =IFERROR(INDEX(tblUsers[Active Tasks],9),"") | F24: =IFERROR(INDEX(tblUsers[Overdue Tasks],9),"") | G24: =IFERROR(INDEX(tblUsers[Utilization %],9),"")
A25: Item ID | B25: Project ID | C25: Type | D25: Title | E25: Owner | F25: Severity | G25: Status | H25: Auto Health
A26: =IFERROR(INDEX(tblRisks[Item ID],1),"") | B26: =IFERROR(INDEX(tblRisks[Project ID],1),"") | C26: =IFERROR(INDEX(tblRisks[Type],1),"") | D26: =IFERROR(INDEX(tblRisks[Title],1),"") | E26: =IFERROR(INDEX(tblRisks[Owner],1),"") | F26: =IFERROR(INDEX(tblRisks[Severity],1),"") | G26: =IFERROR(INDEX(tblRisks[Manual Status],1),"") | H26: =IFERROR(INDEX(tblRisks[Auto Health],1),"")
A27: =IFERROR(INDEX(tblRisks[Item ID],2),"") | B27: =IFERROR(INDEX(tblRisks[Project ID],2),"") | C27: =IFERROR(INDEX(tblRisks[Type],2),"") | D27: =IFERROR(INDEX(tblRisks[Title],2),"") | E27: =IFERROR(INDEX(tblRisks[Owner],2),"") | F27: =IFERROR(INDEX(tblRisks[Severity],2),"") | G27: =IFERROR(INDEX(tblRisks[Manual Status],2),"") | H27: =IFERROR(INDEX(tblRisks[Auto Health],2),"")
A28: =IFERROR(INDEX(tblRisks[Item ID],3),"") | B28: =IFERROR(INDEX(tblRisks[Project ID],3),"") | C28: =IFERROR(INDEX(tblRisks[Type],3),"") | D28: =IFERROR(INDEX(tblRisks[Title],3),"") | E28: =IFERROR(INDEX(tblRisks[Owner],3),"") | F28: =IFERROR(INDEX(tblRisks[Severity],3),"") | G28: =IFERROR(INDEX(tblRisks[Manual Status],3),"") | H28: =IFERROR(INDEX(tblRisks[Auto Health],3),"")
A29: =IFERROR(INDEX(tblRisks[Item ID],4),"") | B29: =IFERROR(INDEX(tblRisks[Project ID],4),"") | C29: =IFERROR(INDEX(tblRisks[Type],4),"") | D29: =IFERROR(INDEX(tblRisks[Title],4),"") | E29: =IFERROR(INDEX(tblRisks[Owner],4),"") | F29: =IFERROR(INDEX(tblRisks[Severity],4),"") | G29: =IFERROR(INDEX(tblRisks[Manual Status],4),"") | H29: =IFERROR(INDEX(tblRisks[Auto Health],4),"")
A30: =IFERROR(INDEX(tblRisks[Item ID],5),"") | B30: =IFERROR(INDEX(tblRisks[Project ID],5),"") | C30: =IFERROR(INDEX(tblRisks[Type],5),"") | D30: =IFERROR(INDEX(tblRisks[Title],5),"") | E30: =IFERROR(INDEX(tblRisks[Owner],5),"") | F30: =IFERROR(INDEX(tblRisks[Severity],5),"") | G30: =IFERROR(INDEX(tblRisks[Manual Status],5),"") | H30: =IFERROR(INDEX(tblRisks[Auto Health],5),"")
A31: =IFERROR(INDEX(tblRisks[Item ID],6),"") | B31: =IFERROR(INDEX(tblRisks[Project ID],6),"") | C31: =IFERROR(INDEX(tblRisks[Type],6),"") | D31: =IFERROR(INDEX(tblRisks[Title],6),"") | E31: =IFERROR(INDEX(tblRisks[Owner],6),"") | F31: =IFERROR(INDEX(tblRisks[Severity],6),"") | G31: =IFERROR(INDEX(tblRisks[Manual Status],6),"") | H31: =IFERROR(INDEX(tblRisks[Auto Health],6),"")
A32: =IFERROR(INDEX(tblRisks[Item ID],7),"") | B32: =IFERROR(INDEX(tblRisks[Project ID],7),"") | C32: =IFERROR(INDEX(tblRisks[Type],7),"") | D32: =IFERROR(INDEX(tblRisks[Title],7),"") | E32: =IFERROR(INDEX(tblRisks[Owner],7),"") | F32: =IFERROR(INDEX(tblRisks[Severity],7),"") | G32: =IFERROR(INDEX(tblRisks[Manual Status],7),"") | H32: =IFERROR(INDEX(tblRisks[Auto Health],7),"")
A33: =IFERROR(INDEX(tblRisks[Item ID],8),"") | B33: =IFERROR(INDEX(tblRisks[Project ID],8),"") | C33: =IFERROR(INDEX(tblRisks[Type],8),"") | D33: =IFERROR(INDEX(tblRisks[Title],8),"") | E33: =IFERROR(INDEX(tblRisks[Owner],8),"") | F33: =IFERROR(INDEX(tblRisks[Severity],8),"") | G33: =IFERROR(INDEX(tblRisks[Manual Status],8),"") | H33: =IFERROR(INDEX(tblRisks[Auto Health],8),"")
A34: =IFERROR(INDEX(tblRisks[Item ID],9),"") | B34: =IFERROR(INDEX(tblRisks[Project ID],9),"") | C34: =IFERROR(INDEX(tblRisks[Type],9),"") | D34: =IFERROR(INDEX(tblRisks[Title],9),"") | E34: =IFERROR(INDEX(tblRisks[Owner],9),"") | F34: =IFERROR(INDEX(tblRisks[Severity],9),"") | G34: =IFERROR(INDEX(tblRisks[Manual Status],9),"") | H34: =IFERROR(INDEX(tblRisks[Auto Health],9),"")
A35: =IFERROR(INDEX(tblRisks[Item ID],10),"") | B35: =IFERROR(INDEX(tblRisks[Project ID],10),"") | C35: =IFERROR(INDEX(tblRisks[Type],10),"") | D35: =IFERROR(INDEX(tblRisks[Title],10),"") | E35: =IFERROR(INDEX(tblRisks[Owner],10),"") | F35: =IFERROR(INDEX(tblRisks[Severity],10),"") | G35: =IFERROR(INDEX(tblRisks[Manual Status],10),"") | H35: =IFERROR(INDEX(tblRisks[Auto Health],10),"")

Sheet Timeline_Gantt
A1: Timeline / Gantt
A2: Lightweight visual schedule from task start and due dates
A3: Task ID | B3: Project ID | C3: Task Name | D3: Owner | E3: Start Date | F3: Due Date | G3: Status | H3: Progress % | I3: 46162 | J3: 46163 | K3: 46164 | L3: 46165 | M3: 46166 | N3: 46167 | O3: 46168 | P3: 46169 | Q3: 46170 | R3: 46171 | S3: 46172 | T3: 46173 | U3: 46174 | V3: 46175 | W3: 46176 | X3: 46177 | Y3: 46178 | Z3: 46179 | AA3: 46180 | AB3: 46181 | AC3: 46182 | AD3: 46183 | AE3: 46184 | AF3: 46185 | AG3: 46186 | AH3: 46187 | AI3: 46188 | AJ3: 46189 | AK3: 46190 | AL3: 46191 | AM3: 46192
A4: =IFERROR(INDEX(tblTasks[Task ID],1),"") | B4: =IFERROR(INDEX(tblTasks[Project ID],1),"") | C4: =IFERROR(INDEX(tblTasks[Task Name],1),"") | D4: =IFERROR(INDEX(tblTasks[Assigned User],1),"") | E4: =IFERROR(INDEX(tblTasks[Start Date],1),"") | F4: =IFERROR(INDEX(tblTasks[Due Date],1),"") | G4: =IFERROR(INDEX(tblTasks[Manual Status],1),"") | H4: =IFERROR(INDEX(tblTasks[Progress %],1),"") | I4: =IF(AND(I$3>=$E4,I$3<=$F4),"■","") | J4: =IF(AND(J$3>=$E4,J$3<=$F4),"■","") | K4: =IF(AND(K$3>=$E4,K$3<=$F4),"■","") | L4: =IF(AND(L$3>=$E4,L$3<=$F4),"■","") | M4: =IF(AND(M$3>=$E4,M$3<=$F4),"■","") | N4: =IF(AND(N$3>=$E4,N$3<=$F4),"■","") | O4: =IF(AND(O$3>=$E4,O$3<=$F4),"■","") | P4: =IF(AND(P$3>=$E4,P$3<=$F4),"■","") | ... AM4: =IF(AND(AM$3>=$E4,AM$3<=$F4),"■","")
A5: =IFERROR(INDEX(tblTasks[Task ID],2),"") | B5: =IFERROR(INDEX(tblTasks[Project ID],2),"") | C5: =IFERROR(INDEX(tblTasks[Task Name],2),"") | D5: =IFERROR(INDEX(tblTasks[Assigned User],2),"") | E5: =IFERROR(INDEX(tblTasks[Start Date],2),"") | F5: =IFERROR(INDEX(tblTasks[Due Date],2),"") | G5: =IFERROR(INDEX(tblTasks[Manual Status],2),"") | H5: =IFERROR(INDEX(tblTasks[Progress %],2),"") | I5: =IF(AND(I$3>=$E5,I$3<=$F5),"■","") | J5: =IF(AND(J$3>=$E5,J$3<=$F5),"■","") | K5: =IF(AND(K$3>=$E5,K$3<=$F5),"■","") | L5: =IF(AND(L$3>=$E5,L$3<=$F5),"■","") | M5: =IF(AND(M$3>=$E5,M$3<=$F5),"■","") | N5: =IF(AND(N$3>=$E5,N$3<=$F5),"■","") | O5: =IF(AND(O$3>=$E5,O$3<=$F5),"■","") | P5: =IF(AND(P$3>=$E5,P$3<=$F5),"■","") | ... AM5: =IF(AND(AM$3>=$E5,AM$3<=$F5),"■","")
A6: =IFERROR(INDEX(tblTasks[Task ID],3),"") | B6: =IFERROR(INDEX(tblTasks[Project ID],3),"") | C6: =IFERROR(INDEX(tblTasks[Task Name],3),"") | D6: =IFERROR(INDEX(tblTasks[Assigned User],3),"") | E6: =IFERROR(INDEX(tblTasks[Start Date],3),"") | F6: =IFERROR(INDEX(tblTasks[Due Date],3),"") | G6: =IFERROR(INDEX(tblTasks[Manual Status],3),"") | H6: =IFERROR(INDEX(tblTasks[Progress %],3),"") | I6: =IF(AND(I$3>=$E6,I$3<=$F6),"■","") | J6: =IF(AND(J$3>=$E6,J$3<=$F6),"■","") | K6: =IF(AND(K$3>=$E6,K$3<=$F6),"■","") | L6: =IF(AND(L$3>=$E6,L$3<=$F6),"■","") | M6: =IF(AND(M$3>=$E6,M$3<=$F6),"■","") | N6: =IF(AND(N$3>=$E6,N$3<=$F6),"■","") | O6: =IF(AND(O$3>=$E6,O$3<=$F6),"■","") | P6: =IF(AND(P$3>=$E6,P$3<=$F6),"■","") | ... AM6: =IF(AND(AM$3>=$E6,AM$3<=$F6),"■","")
A7: =IFERROR(INDEX(tblTasks[Task ID],4),"") | B7: =IFERROR(INDEX(tblTasks[Project ID],4),"") | C7: =IFERROR(INDEX(tblTasks[Task Name],4),"") | D7: =IFERROR(INDEX(tblTasks[Assigned User],4),"") | E7: =IFERROR(INDEX(tblTasks[Start Date],4),"") | F7: =IFERROR(INDEX(tblTasks[Due Date],4),"") | G7: =IFERROR(INDEX(tblTasks[Manual Status],4),"") | H7: =IFERROR(INDEX(tblTasks[Progress %],4),"") | I7: =IF(AND(I$3>=$E7,I$3<=$F7),"■","") | J7: =IF(AND(J$3>=$E7,J$3<=$F7),"■","") | K7: =IF(AND(K$3>=$E7,K$3<=$F7),"■","") | L7: =IF(AND(L$3>=$E7,L$3<=$F7),"■","") | M7: =IF(AND(M$3>=$E7,M$3<=$F7),"■","") | N7: =IF(AND(N$3>=$E7,N$3<=$F7),"■","") | O7: =IF(AND(O$3>=$E7,O$3<=$F7),"■","") | P7: =IF(AND(P$3>=$E7,P$3<=$F7),"■","") | ... AM7: =IF(AND(AM$3>=$E7,AM$3<=$F7),"■","")
A8: =IFERROR(INDEX(tblTasks[Task ID],5),"") | B8: =IFERROR(INDEX(tblTasks[Project ID],5),"") | C8: =IFERROR(INDEX(tblTasks[Task Name],5),"") | D8: =IFERROR(INDEX(tblTasks[Assigned User],5),"") | E8: =IFERROR(INDEX(tblTasks[Start Date],5),"") | F8: =IFERROR(INDEX(tblTasks[Due Date],5),"") | G8: =IFERROR(INDEX(tblTasks[Manual Status],5),"") | H8: =IFERROR(INDEX(tblTasks[Progress %],5),"") | I8: =IF(AND(I$3>=$E8,I$3<=$F8),"■","") | J8: =IF(AND(J$3>=$E8,J$3<=$F8),"■","") | K8: =IF(AND(K$3>=$E8,K$3<=$F8),"■","") | L8: =IF(AND(L$3>=$E8,L$3<=$F8),"■","") | M8: =IF(AND(M$3>=$E8,M$3<=$F8),"■","") | N8: =IF(AND(N$3>=$E8,N$3<=$F8),"■","") | O8: =IF(AND(O$3>=$E8,O$3<=$F8),"■","") | P8: =IF(AND(P$3>=$E8,P$3<=$F8),"■","") | ... AM8: =IF(AND(AM$3>=$E8,AM$3<=$F8),"■","")
A9: =IFERROR(INDEX(tblTasks[Task ID],6),"") | B9: =IFERROR(INDEX(tblTasks[Project ID],6),"") | C9: =IFERROR(INDEX(tblTasks[Task Name],6),"") | D9: =IFERROR(INDEX(tblTasks[Assigned User],6),"") | E9: =IFERROR(INDEX(tblTasks[Start Date],6),"") | F9: =IFERROR(INDEX(tblTasks[Due Date],6),"") | G9: =IFERROR(INDEX(tblTasks[Manual Status],6),"") | H9: =IFERROR(INDEX(tblTasks[Progress %],6),"") | I9: =IF(AND(I$3>=$E9,I$3<=$F9),"■","") | J9: =IF(AND(J$3>=$E9,J$3<=$F9),"■","") | K9: =IF(AND(K$3>=$E9,K$3<=$F9),"■","") | L9: =IF(AND(L$3>=$E9,L$3<=$F9),"■","") | M9: =IF(AND(M$3>=$E9,M$3<=$F9),"■","") | N9: =IF(AND(N$3>=$E9,N$3<=$F9),"■","") | O9: =IF(AND(O$3>=$E9,O$3<=$F9),"■","") | P9: =IF(AND(P$3>=$E9,P$3<=$F9),"■","") | ... AM9: =IF(AND(AM$3>=$E9,AM$3<=$F9),"■","")
A10: =IFERROR(INDEX(tblTasks[Task ID],7),"") | B10: =IFERROR(INDEX(tblTasks[Project ID],7),"") | C10: =IFERROR(INDEX(tblTasks[Task Name],7),"") | D10: =IFERROR(INDEX(tblTasks[Assigned User],7),"") | E10: =IFERROR(INDEX(tblTasks[Start Date],7),"") | F10: =IFERROR(INDEX(tblTasks[Due Date],7),"") | G10: =IFERROR(INDEX(tblTasks[Manual Status],7),"") | H10: =IFERROR(INDEX(tblTasks[Progress %],7),"") | I10: =IF(AND(I$3>=$E10,I$3<=$F10),"■","") | J10: =IF(AND(J$3>=$E10,J$3<=$F10),"■","") | K10: =IF(AND(K$3>=$E10,K$3<=$F10),"■","") | L10: =IF(AND(L$3>=$E10,L$3<=$F10),"■","") | M10: =IF(AND(M$3>=$E10,M$3<=$F10),"■","") | N10: =IF(AND(N$3>=$E10,N$3<=$F10),"■","") | O10: =IF(AND(O$3>=$E10,O$3<=$F10),"■","") | P10: =IF(AND(P$3>=$E10,P$3<=$F10),"■","") | ... AM10: =IF(AND(AM$3>=$E10,AM$3<=$F10),"■","")
A11: =IFERROR(INDEX(tblTasks[Task ID],8),"") | B11: =IFERROR(INDEX(tblTasks[Project ID],8),"") | C11: =IFERROR(INDEX(tblTasks[Task Name],8),"") | D11: =IFERROR(INDEX(tblTasks[Assigned User],8),"") | E11: =IFERROR(INDEX(tblTasks[Start Date],8),"") | F11: =IFERROR(INDEX(tblTasks[Due Date],8),"") | G11: =IFERROR(INDEX(tblTasks[Manual Status],8),"") | H11: =IFERROR(INDEX(tblTasks[Progress %],8),"") | I11: =IF(AND(I$3>=$E11,I$3<=$F11),"■","") | J11: =IF(AND(J$3>=$E11,J$3<=$F11),"■","") | K11: =IF(AND(K$3>=$E11,K$3<=$F11),"■","") | L11: =IF(AND(L$3>=$E11,L$3<=$F11),"■","") | M11: =IF(AND(M$3>=$E11,M$3<=$F11),"■","") | N11: =IF(AND(N$3>=$E11,N$3<=$F11),"■","") | O11: =IF(AND(O$3>=$E11,O$3<=$F11),"■","") | P11: =IF(AND(P$3>=$E11,P$3<=$F11),"■","") | ... AM11: =IF(AND(AM$3>=$E11,AM$3<=$F11),"■","")
A12: =IFERROR(INDEX(tblTasks[Task ID],9),"") | B12: =IFERROR(INDEX(tblTasks[Project ID],9),"") | C12: =IFERROR(INDEX(tblTasks[Task Name],9),"") | D12: =IFERROR(INDEX(tblTasks[Assigned User],9),"") | E12: =IFERROR(INDEX(tblTasks[Start Date],9),"") | F12: =IFERROR(INDEX(tblTasks[Due Date],9),"") | G12: =IFERROR(INDEX(tblTasks[Manual Status],9),"") | H12: =IFERROR(INDEX(tblTasks[Progress %],9),"") | I12: =IF(AND(I$3>=$E12,I$3<=$F12),"■","") | J12: =IF(AND(J$3>=$E12,J$3<=$F12),"■","") | K12: =IF(AND(K$3>=$E12,K$3<=$F12),"■","") | L12: =IF(AND(L$3>=$E12,L$3<=$F12),"■","") | M12: =IF(AND(M$3>=$E12,M$3<=$F12),"■","") | N12: =IF(AND(N$3>=$E12,N$3<=$F12),"■","") | O12: =IF(AND(O$3>=$E12,O$3<=$F12),"■","") | P12: =IF(AND(P$3>=$E12,P$3<=$F12),"■","") | ... AM12: =IF(AND(AM$3>=$E12,AM$3<=$F12),"■","")
A13: =IFERROR(INDEX(tblTasks[Task ID],10),"") | B13: =IFERROR(INDEX(tblTasks[Project ID],10),"") | C13: =IFERROR(INDEX(tblTasks[Task Name],10),"") | D13: =IFERROR(INDEX(tblTasks[Assigned User],10),"") | E13: =IFERROR(INDEX(tblTasks[Start Date],10),"") | F13: =IFERROR(INDEX(tblTasks[Due Date],10),"") | G13: =IFERROR(INDEX(tblTasks[Manual Status],10),"") | H13: =IFERROR(INDEX(tblTasks[Progress %],10),"") | I13: =IF(AND(I$3>=$E13,I$3<=$F13),"■","") | J13: =IF(AND(J$3>=$E13,J$3<=$F13),"■","") | K13: =IF(AND(K$3>=$E13,K$3<=$F13),"■","") | L13: =IF(AND(L$3>=$E13,L$3<=$F13),"■","") | M13: =IF(AND(M$3>=$E13,M$3<=$F13),"■","") | N13: =IF(AND(N$3>=$E13,N$3<=$F13),"■","") | O13: =IF(AND(O$3>=$E13,O$3<=$F13),"■","") | P13: =IF(AND(P$3>=$E13,P$3<=$F13),"■","") | ... AM13: =IF(AND(AM$3>=$E13,AM$3<=$F13),"■","")
A14: =IFERROR(INDEX(tblTasks[Task ID],11),"") | B14: =IFERROR(INDEX(tblTasks[Project ID],11),"") | C14: =IFERROR(INDEX(tblTasks[Task Name],11),"") | D14: =IFERROR(INDEX(tblTasks[Assigned User],11),"") | E14: =IFERROR(INDEX(tblTasks[Start Date],11),"") | F14: =IFERROR(INDEX(tblTasks[Due Date],11),"") | G14: =IFERROR(INDEX(tblTasks[Manual Status],11),"") | H14: =IFERROR(INDEX(tblTasks[Progress %],11),"") | I14: =IF(AND(I$3>=$E14,I$3<=$F14),"■","") | J14: =IF(AND(J$3>=$E14,J$3<=$F14),"■","") | K14: =IF(AND(K$3>=$E14,K$3<=$F14),"■","") | L14: =IF(AND(L$3>=$E14,L$3<=$F14),"■","") | M14: =IF(AND(M$3>=$E14,M$3<=$F14),"■","") | N14: =IF(AND(N$3>=$E14,N$3<=$F14),"■","") | O14: =IF(AND(O$3>=$E14,O$3<=$F14),"■","") | P14: =IF(AND(P$3>=$E14,P$3<=$F14),"■","") | ... AM14: =IF(AND(AM$3>=$E14,AM$3<=$F14),"■","")
A15: =IFERROR(INDEX(tblTasks[Task ID],12),"") | B15: =IFERROR(INDEX(tblTasks[Project ID],12),"") | C15: =IFERROR(INDEX(tblTasks[Task Name],12),"") | D15: =IFERROR(INDEX(tblTasks[Assigned User],12),"") | E15: =IFERROR(INDEX(tblTasks[Start Date],12),"") | F15: =IFERROR(INDEX(tblTasks[Due Date],12),"") | G15: =IFERROR(INDEX(tblTasks[Manual Status],12),"") | H15: =IFERROR(INDEX(tblTasks[Progress %],12),"") | I15: =IF(AND(I$3>=$E15,I$3<=$F15),"■","") | J15: =IF(AND(J$3>=$E15,J$3<=$F15),"■","") | K15: =IF(AND(K$3>=$E15,K$3<=$F15),"■","") | L15: =IF(AND(L$3>=$E15,L$3<=$F15),"■","") | M15: =IF(AND(M$3>=$E15,M$3<=$F15),"■","") | N15: =IF(AND(N$3>=$E15,N$3<=$F15),"■","") | O15: =IF(AND(O$3>=$E15,O$3<=$F15),"■","") | P15: =IF(AND(P$3>=$E15,P$3<=$F15),"■","") | ... AM15: =IF(AND(AM$3>=$E15,AM$3<=$F15),"■","")
A16: =IFERROR(INDEX(tblTasks[Task ID],13),"") | B16: =IFERROR(INDEX(tblTasks[Project ID],13),"") | C16: =IFERROR(INDEX(tblTasks[Task Name],13),"") | D16: =IFERROR(INDEX(tblTasks[Assigned User],13),"") | E16: =IFERROR(INDEX(tblTasks[Start Date],13),"") | F16: =IFERROR(INDEX(tblTasks[Due Date],13),"") | G16: =IFERROR(INDEX(tblTasks[Manual Status],13),"") | H16: =IFERROR(INDEX(tblTasks[Progress %],13),"") | I16: =IF(AND(I$3>=$E16,I$3<=$F16),"■","") | J16: =IF(AND(J$3>=$E16,J$3<=$F16),"■","") | K16: =IF(AND(K$3>=$E16,K$3<=$F16),"■","") | L16: =IF(AND(L$3>=$E16,L$3<=$F16),"■","") | M16: =IF(AND(M$3>=$E16,M$3<=$F16),"■","") | N16: =IF(AND(N$3>=$E16,N$3<=$F16),"■","") | O16: =IF(AND(O$3>=$E16,O$3<=$F16),"■","") | P16: =IF(AND(P$3>=$E16,P$3<=$F16),"■","") | ... AM16: =IF(AND(AM$3>=$E16,AM$3<=$F16),"■","")
A17: =IFERROR(INDEX(tblTasks[Task ID],14),"") | B17: =IFERROR(INDEX(tblTasks[Project ID],14),"") | C17: =IFERROR(INDEX(tblTasks[Task Name],14),"") | D17: =IFERROR(INDEX(tblTasks[Assigned User],14),"") | E17: =IFERROR(INDEX(tblTasks[Start Date],14),"") | F17: =IFERROR(INDEX(tblTasks[Due Date],14),"") | G17: =IFERROR(INDEX(tblTasks[Manual Status],14),"") | H17: =IFERROR(INDEX(tblTasks[Progress %],14),"") | I17: =IF(AND(I$3>=$E17,I$3<=$F17),"■","") | J17: =IF(AND(J$3>=$E17,J$3<=$F17),"■","") | K17: =IF(AND(K$3>=$E17,K$3<=$F17),"■","") | L17: =IF(AND(L$3>=$E17,L$3<=$F17),"■","") | M17: =IF(AND(M$3>=$E17,M$3<=$F17),"■","") | N17: =IF(AND(N$3>=$E17,N$3<=$F17),"■","") | O17: =IF(AND(O$3>=$E17,O$3<=$F17),"■","") | P17: =IF(AND(P$3>=$E17,P$3<=$F17),"■","") | ... AM17: =IF(AND(AM$3>=$E17,AM$3<=$F17),"■","")

Sheet How_To_Use
A1: How To Use
A2: Operating notes
A4: 1 | B4: Add dropdown values in Master_Management first if your company needs custom lists.
A5: 2 | B5: Add or update users in Users. Use User ID values when assigning projects/tasks.
A6: 3 | B6: Create projects in Projects, then add tasks and subtasks using Project ID and Task ID dropdowns.
A7: 4 | B7: Use Manual Status for human tracking. Auto Health calculates schedule risk without overwriting manual status.
A8: 5 | B8: Dashboard, Reports, and Timeline update from the source tables. In Excel, formulas recalculate automatically.
A9: 6 | B9: Expand any table by typing in the first blank row below it; formulas and dropdowns can be copied down as needed.
